-- MariaDB dump 10.19  Distrib 10.4.24-MariaDB, for Win64 (AMD64)
--
-- Host: localhost    Database: elearning
-- ------------------------------------------------------
-- Server version	10.4.24-MariaDB

/*!40101 SET @OLD_CHARACTER_SET_CLIENT=@@CHARACTER_SET_CLIENT */;
/*!40101 SET @OLD_CHARACTER_SET_RESULTS=@@CHARACTER_SET_RESULTS */;
/*!40101 SET @OLD_COLLATION_CONNECTION=@@COLLATION_CONNECTION */;
/*!40101 SET NAMES utf8mb4 */;
/*!40103 SET @OLD_TIME_ZONE=@@TIME_ZONE */;
/*!40103 SET TIME_ZONE='+00:00' */;
/*!40014 SET @OLD_UNIQUE_CHECKS=@@UNIQUE_CHECKS, UNIQUE_CHECKS=0 */;
/*!40014 SET @OLD_FOREIGN_KEY_CHECKS=@@FOREIGN_KEY_CHECKS, FOREIGN_KEY_CHECKS=0 */;
/*!40101 SET @OLD_SQL_MODE=@@SQL_MODE, SQL_MODE='NO_AUTO_VALUE_ON_ZERO' */;
/*!40111 SET @OLD_SQL_NOTES=@@SQL_NOTES, SQL_NOTES=0 */;

--
-- Table structure for table `category`
--

DROP TABLE IF EXISTS `category`;
/*!40101 SET @saved_cs_client     = @@character_set_client */;
/*!40101 SET character_set_client = utf8 */;
CREATE TABLE `category` (
  `idcategory` int(11) NOT NULL AUTO_INCREMENT,
  `namecategory` varchar(150) NOT NULL,
  `categorydesc` text NOT NULL,
  `image` text NOT NULL,
  PRIMARY KEY (`idcategory`),
  UNIQUE KEY `namecategory` (`namecategory`)
) ENGINE=InnoDB AUTO_INCREMENT=14 DEFAULT CHARSET=utf8mb4;
/*!40101 SET character_set_client = @saved_cs_client */;

--
-- Dumping data for table `category`
--

LOCK TABLES `category` WRITE;
/*!40000 ALTER TABLE `category` DISABLE KEYS */;
INSERT INTO `category` VALUES (1,'Development','Data science, web development and more!','https://cdn-icons.flaticon.com/png/512/2335/premium/2335265.png?token=exp=1654710826~hmac=99bb124808b8fdf6feb8625d161cd305'),(2,'Business','Your road to business.','https://cdn-icons-png.flaticon.com/512/1283/1283342.png'),(3,'Design','Let your creation become reality!','https://cdn-icons-png.flaticon.com/512/3939/3939992.png'),(4,'Marketing','Road the best business!','https://cdn-icons-png.flaticon.com/512/1997/1997928.png'),(6,'Music','Turn on the voice of life.','https://cdn-icons-png.flaticon.com/512/651/651717.png'),(8,'Web Development','For front-end and back-end developers.','https://cdn-icons.flaticon.com/png/512/2010/premium/2010990.png?token=exp=1655116090~hmac=b285879e471cd353894bd60a1e30c399'),(9,'Photography & videos','Let the world be in your day!','https://cdn-icons.flaticon.com/png/512/792/premium/792896.png?token=exp=1655116229~hmac=e8b8915e52d781aa17c2ebdba67bf3b9'),(10,'Network & security','Protect, enhance and create powerful scripts.','https://cdn-icons-png.flaticon.com/512/2092/2092629.png'),(11,'Lifestyle','Make powerful life.','https://cdn-icons-png.flaticon.com/512/6749/6749718.png'),(12,'Health & Fitness','The strongest mind in the strongest body.','https://cdn-icons-png.flaticon.com/512/1719/1719695.png'),(13,'Office Productivity','Make your office like home!','https://cdn-icons-png.flaticon.com/512/1584/1584911.png');
/*!40000 ALTER TABLE `category` ENABLE KEYS */;
UNLOCK TABLES;

--
-- Table structure for table `comments`
--

DROP TABLE IF EXISTS `comments`;
/*!40101 SET @saved_cs_client     = @@character_set_client */;
/*!40101 SET character_set_client = utf8 */;
CREATE TABLE `comments` (
  `email` varchar(200) NOT NULL,
  `idcomment` int(11) NOT NULL AUTO_INCREMENT,
  `idcourse` int(11) NOT NULL,
  `publisher` varchar(100) NOT NULL,
  `content` text NOT NULL,
  `date` date NOT NULL,
  PRIMARY KEY (`idcomment`)
) ENGINE=InnoDB AUTO_INCREMENT=9 DEFAULT CHARSET=utf8mb4;
/*!40101 SET character_set_client = @saved_cs_client */;

--
-- Dumping data for table `comments`
--

LOCK TABLES `comments` WRITE;
/*!40000 ALTER TABLE `comments` DISABLE KEYS */;
INSERT INTO `comments` VALUES ('aismaili691@gmail.com',1,2,'Abdallah Ismaili','Here is the first comments in that website by the owner Abdallah ismaili!','2022-06-12'),('aismaili691@gmail.com',2,2,'Abdallah Ismaili','second comment!','2022-06-12'),('aismaili691@gmail.com',3,2,'Abdallah Ismaili','third comment!','2022-06-12'),('aismaili691@gmail.com',6,2,'Abdallah Ismaili','test again','2022-06-12'),('aismaili691@gmail.com',7,2,'Abdallah Ismaili','test again','2022-06-12');
/*!40000 ALTER TABLE `comments` ENABLE KEYS */;
UNLOCK TABLES;

--
-- Table structure for table `course`
--

DROP TABLE IF EXISTS `course`;
/*!40101 SET @saved_cs_client     = @@character_set_client */;
/*!40101 SET character_set_client = utf8 */;
CREATE TABLE `course` (
  `idcourse` int(11) NOT NULL AUTO_INCREMENT,
  `idcategory` int(11) NOT NULL,
  `namecourse` varchar(150) NOT NULL,
  `coursefor` varchar(100) NOT NULL,
  `date` date NOT NULL,
  `description` text NOT NULL,
  `teacher` varchar(50) NOT NULL,
  `teacherimage` text NOT NULL,
  `langue` text NOT NULL,
  `lenght` varchar(30) NOT NULL,
  `image` text NOT NULL,
  `path` text NOT NULL,
  PRIMARY KEY (`idcourse`),
  KEY `con1` (`idcategory`),
  CONSTRAINT `con1` FOREIGN KEY (`idcategory`) REFERENCES `category` (`idcategory`)
) ENGINE=InnoDB AUTO_INCREMENT=12 DEFAULT CHARSET=utf8mb4;
/*!40101 SET character_set_client = @saved_cs_client */;

--
-- Dumping data for table `course`
--

LOCK TABLES `course` WRITE;
/*!40000 ALTER TABLE `course` DISABLE KEYS */;
INSERT INTO `course` VALUES (1,1,'PHP Programming Language Tutorial - Full Course','Development','2022-06-08','Learn the PHP programming language in this full course / tutorial. The course is designed for new programmers, and will introduce common programming topics using the PHP language.','Mike Dane','https://yt3.ggpht.com/ytc/AKedOLRxS2W0dkrbJErKUdm-q-ZHp6QGMnBIIkiNKF38nw=s88-c-k-c0x00ffffff-no-rj','English','4h : 38min','https://stackify.com/wp-content/uploads/2018/08/Feature-Image-for-Learn-PHP-Tutorials-881x441.jpg','https://www.youtube.com/embed/OK_JCtrrv-c'),(2,1,'Python Tutorial - Python Full Course for Beginners','Development','2022-06-08','Python tutorial - Python full course for beginners - Go from Zero to Hero with Python (includes machine learning & web development projects).','Mosh el hamadani','https://yt3.ggpht.com/tBEPr-zTNXEeae7VZKSZYfiy6azzs9OHowq5ZvogJeHoVtKtEw2PXSwzMBKVR7W0MI7gyND8=s88-c-k-c0x00ffffff-no-rj','English','6h : 14min','https://encrypted-tbn0.gstatic.com/images?q=tbn:ANd9GcSIX_BwFDEU3pkjfnkjRXSCTeFt1CW4nNrWIA&usqp=CAU','https://www.youtube.com/embed/_uQrJ0TkZlc'),(3,3,'Graphic Design Tutorial For Beginners | Graphic Design (Full Course)','Design','2022-06-11','Graphic design is all around us, in a myriad of forms, both on screen and in print, yet it is always made up of images and words to create a communication goal. This four-course sequence exposes students to the fundamental skills required to make sophisticated graphic design: process, historical context, and communication through image-making and typography. The sequence is completed by a capstone project that applies the skills of each course and peer feedback in a finished branding project suitable for a professional portfolio and more.','My Lesson','https://yt3.ggpht.com/a8gQ9ofCk_HU1_pkvBzEJl4Fu9EMOoW_ZCJ_jaBzOQCPoms-gW6-sP_OEhGwaWy_QpUXNJg11g=s88-c-k-c0x00ffffff-no-rj','English','11h : 12min','https://mediablog.cdnpk.net/sites/9/2021/12/An-Introduction-To-Graphic-Design-Part-1.jpg','https://www.youtube.com/embed/9QTCvayLhCA'),(7,8,'How to Create Multipage eCommerce Website Using Html OOCSS JavaScript | Part 1','Web development','2022-06-13','In this video, we will create a complete eCommerce website using the Html CSS JavaScript\r\n\r\nWe will cover how to make products, carts, checkouts, and more.\r\nFinally, we will style our website using Html CSS and JavaScript.','codewithsadee','https://yt3.ggpht.com/0rPxdodGg8VFkNu-GhIKzI37dk0U_2BYJHaSIOlRy-eqkkWmG0eL3xbdLFSMJKQTKKVOgQ_UH68=s88-c-k-c0x00ffffff-no-rj','English','2h:57min','data:image/jpeg;base64,/9j/4AAQSkZJRgABAQAAAQABAAD/2wCEAAoGBxQTExYTExQYGBYWGhscGhkaGhwaIBwdGxodHBodGxwfISsjHBwoIxkaIzQqKTkuMTExGiE3PDcvOyswMS4BCwsLDw4PHRERHTAoISgyMjAwMDkwMDAwMDAwMjAwMjAwMDAwMDAwMDAzMDAwMDAwMDAwMDAwMDAwMDAwMDAwMP/AABEIAKgBLAMBIgACEQEDEQH/xAAcAAABBQEBAQAAAAAAAAAAAAAAAwQFBgcBAgj/xABQEAACAQIEAgUFCQ0GBAcBAAABAgMAEQQSITEFQQYTIlFhBzJxgZEUI0JSc6Gxs9IXMzRTVGJykpOywdHwFTWC0+HjJGOioxZDRGTC4vEl/8QAGgEBAQEBAQEBAAAAAAAAAAAAAAECBAMGBf/EACgRAAICAgEEAgEEAwAAAAAAAAABAhEDITESE0FRMmEEInGBoQWxwf/aAAwDAQACEQMRAD8AzuiiiqcIUUUUAUUUUAUUVoXR3yUnEYeLENihH1qBwoiz2Dards41tblQsYuXBntFaKvksiLFf7QsR3w2+frf6tTz7iw/LT+w/wByhrtT9GXUVqB8i4H/AK0/sf8Ado+40Py0/sf92g7U/Rl9Fah9xb/3p/Yj/Nphx/yYxYSLrp8cwTMFuMPm1a9tBJ4UHan6M+oq48I6GYTESNHFj3zIhkIOFPmhlU2tJqbsNKno/IyDtjjobfeP9yg7U/RmFFSfSjgrYLEyYdnDlMpDAWuGUMDa5sbHbWoyhhqgooooAooooAooooAooooAooooAooooAooooAooooAooooAooooAr0I2+KfYac8DUNicOrAFTNECDsQZFBB8LV9JTjMpUOVvzUgEeju7qHpDH1HzJ1TfFb2Gjqm+K3sNfS2FRlOspca+dlvflqOQ1pz1nj89Q9Oz9nzB1TfFb2Gjqm+K3sNfTZl/OIv4f1ahZx8ag7P2fMZjb4rew19E9A4v8A+dhPkIv3BTrEYkHn9Ip9gvva89BQ1CHSejFfQ0dV41n+IxDh37b+c3wj3nxqv9L2ldYQJMRbrO11T2JupsCxYBbmwBPM25isdZ79Br3UnXUW5af660CE6ajx09nOsg6N8OnhZpGxE5EiqVjkkZmQHXtHbPcEaVrWPgLZbBtL+a7J+6wvVjJPgkouPIoYG7x7P9aHwoYWYK3pFx7DSeHwpRiwJN980kjDfkGJApf3z83560ZE4sEi6qqqfAAfRSvVeNcu/cvtP8qWoDAPK9pxSf8ARi+qWq88Ci++mb4aHZQRtvqeW+w1rZuk3QDC4vFSTytMHYKDkZQOyoAsCp7qRPktwet3n1vzj+ELHaLTQUPCWNttmPtAuu/wvhpyQMPn9uw1o9zr4/rp8TN9P8t62D7luCPw59b84+a5T/5Wmn89679yvB/Hm/Wi+Ll/Fd3896pntSMXmUA2HcOYO4BOo05/z1rxWp9LOgnD8HCJ5PdTgsqWR4wdVNjqgFrLURwHgHDMTOuHWPGKWVjmMkLDsqWPmqdTb6KDtSKHRWxweSfANzxQ0vZmUW8PM30qqeUzoPDgI4ZYXkIdyjLIQ2uUsCCAO4i3ooR45JWUeiiih5i2Bw/WSRxg26x1S/dmYLf56ksF0eaVtHAQ5LN2W892QaI7LvG+zHYd+kQrWNwbEagjS1udeo8W4AVZGABuFDEC/eADa9CqvJLR9F5jls0d2IAF256edlt53Z9NIYrgckcLzMVshUMovpm0A9N9NNPHUXaLjZRqJZAdBcO2wBAG/IE+014bEORYuxFrWLEiw2Fu7woNEvL0XkucjqQGKXf3slhI6WAub6xkg31HjpURiYSjsjWzKSDbvGhHqOnqrrYuQ3JkclrA3ZjcDYHXUCkib6nc0DoKKKKECiiigCiiigOA6j0jepXB4m5AU5G2yMTkPh+bz3uNajsGoMsYOoLoCPAsL1Jcd4YYJCm43U96k/SNqKmdGK0mxfFYYFsrhEbfIWsCTzUm2p0209NOuDq8UnWKpbJ8FiV9hHZY772PhS2GTr8PmBPWRDkM11PnAjmBa/t76dYdvehJls0eW4tZZI20BUeB0t8G/Ibq8HvYy6Q8eWeORGRkkJHZYdx76iBw8Mhe3wgP+m9T+LlhMcjsrdljHmVVc9XJGSu7DUFh3+ogGvcGKwskRIEkaqybqt9bgFmMmu9idNhsNKNdPBlb5In+yl0S/ZAzG2hN+XzVunQ2IJgcKo2WGMD1IKwxMcrT9k6WKjfUAmx7vZ31u/RQ3weGP/Kj/dFZV+Tcq8FKxzhWkZjYKWJPgCSaoXGOkss4ZEsiHwBa3iTceyrh0miZ0ljU2LtlvvoXsfmvWfTBsNPJGrq2UgEgXBIHj6a87NO0rJvCdKWXJmTN8diwu3iLAAW7vVW0cWANrrKdCPe2K21U62IN+yPVfvrAvd55ojbaZbd21rd1bV0s47LBPhoo8M8qzNZnUuMvaUW7IIvYlu1YWU+JFgtUjPVbuWySixJzX6uYXsNSLC5Gts1SQX0+2kkAF7D57/x03typTOe6tpBtPhUKUUnE9+VvZ/AmlKpkjsRGTI1jbb6BS6YdrDtfN/rTLiXEY4WZpWygC+xOgAvsDTmDisLWs++2jfypYFjAde16NNv50NC3Jh7P9aVEgPOo88dg6/3N1o66xYIQQSBYmxtY2BBsNaAeiHxo6nxrziMUiDMxsL22POkhxSG184t6D9FqAX6ms58vSWw2H+WP1bVpEcobY1nHl9/BcP8ALH6t6GJ/FmQCiuCu1TkHXCADiIQdQZY7j/GtWvp/7sR8SrdSMN1hChRhMwUP2BZB1o2G+vfzqoYCcRyxyG5COjEDeysCbeOlTPSXF4GaSeeI4oTSuXCukQQFnuwJVy1rE28bUNJ/pYjL0WmVS5kw1lBawxMRNgL6ANcnwpaDhWFhghmxbTlpwzRxw9WCsatlzu0gI7RBsByGpqAtVgh4phZoIYcWJlbDhlSSEI2aNmzZHVyLFSTYjkdRQKjuH4Bh2kmcYgthIY1kaRV9898IVIsh0EpY5ddNL+FJY7hWHkw0uJwbS+8FOtjmyFsshyo6MlgRmFiCLi/tVw3H8Osk8Yw7LhJ40jZFe8o6shklzHsmTMM1vN1ty1Tx/FMPHhpcNgxKevKdbJNkU5YzmRERCQBmNySb6W9ENaJbHdGuHxYz3AZcT1rMiLJli6tHkVSiuLZn1YXIta9uRNNsP0dwkkr4OOWb3UgkAchOpeSJSzoBbOq9hgGJ5XtyprxTpBHLxMY1VcRiWGTKbZrRCMMN7XOQ215ivHCeOxxcROLZXMZknbKLZrSpIq7m1x1gvryO9BcbIIGiuILACu1TzCiiigFeH/fovlE/eFXDpRh88Re3ahfX9B9PmNjVOwCkzRBRcmRAAOZLCwFaoeBTOrK0D2dSrdg7EaVLpnRhVplM6J4rLJkOzra3o1/mKmuH9YJHw+ZwhBUXOY2JIDfm773tYLptURgejGPSRScJNZW/Ft36keGlTuO4DixiY5Bh5Soyk2jv2gbaA9kG1u017Daq+T18Dfg3WTYeRWc5j2Ttoygja3eAfVVcjxOJe0auc2xGg2//ACr1w/gWIixEw6iTq2fMDlJGpuddvhNUTieiOLGJzpA+XVr5CRfVSPXv661LiyLkriSTYchpSbbCxB2uR9Jrd+h0/WYHCyfHhjbXxQGsi6Q9GMUUW2GkJvrZG7tfVWtdCcO0eAwsbqVdIY1ZToQQgBB8awt7NtVpGf8AHOE8SOLZoopDBZ7a6XKEDs3vvb56ZRcExwhm/wCGfri0eW659ATnykgjmN/CtXPEZBf/AIaXTuMZv6O3S+ExDPfNE6W+MVN/RlY/Pbes9IszKLg+JOJTNC3U9UAx6qwL5QG5Xvf1VYun/GOIwyxLgomdGUlyImksb6ajbSrpXaqVBuzKX6Uca1tBKe7/AINxf59KufQjiGLmwxfFoUmzsApQx3UAWNiPTrVjoqkGxaT4o/X/APrS616ooCu8ewYlkyk2BBG19SBXZeFCOMEEm1gb/TSPHNMXCeXaHrKrb+NO+MXvF3We/p7Nv41h82arVC3DGCwsTyY/QKrTcaw4x2ZiM9jGAUcFTpmKMVswIXv+mp0xFsOba2cNbvAsSPWL1Q+k3lCwwnaEJKwjfKzgAAkaGwJubHXW17eNa2RcF94hrE36a/Qay/pJi504kiLKwHvdrXACMVDLa9mBYf8AV4VfOE8UTE4YujA9pL+BKk6jl3+uq7x/DqZmkK3eFYrH5RyvzWPtra2zEloufReQF5Ldw+k1VPL7+C4f5Y/VvVh6Fowklv3L9JqveX38Fw/yx+ressk/izHxXa4K7VOQc8MwfXTRwhgpldUDNewLGwvblcipHgnRWbE4t8GpVZI+szlr5R1bZDsL6sQB6ahgxGoNiNQRyI2NaD0kxPueKTiEVg/EGwzxW0K9Wqyze2REB9NDUUnyU3h/B3lWdrhBh4y8ma+4YIEFvhEmw5aGm8PD5nQyJDI0a3u6oxUW3uwFharh04jSDDzvFtxKZJk8YVjWX1e+zEf4al+LTqmMhEDcRyhYvc6YcR9QyZFtluwDKTfMW53vpaoa6ChYTgpkwr4hSSyypEI1XMWLqzXBBvfs2tamWLwskTZZUeNrXyupQ277MAbVflll9y8TbBRuh91r2UsXjXKRIEMZI0NxdCbKW1tTGGSc4GBsQrSSjGxe5BMe04sC6Zn16okICTpehHFFRxOAmjUPJFIit5rOjKG0voSLH1VLJ0XaaWRMMZJFigEzGSN4zfKGKKtiSx1y8msbHS9T/SBpZoseyvikIs8+HxKiRAesFhDLspVj2RYErsSBT0zSDHYlY2cM3C7gISCXWBMhAG7C5tzFzahelGex4CVpDEsUhkG8YRi4tvdQLjcUnNCyMUdWVl3VgVI9IOoq7cClA4dM7tixKcSBO0FjNl6sdX1pchhFfP8A4qYdOJg0ODumIzhZLSYnqxJJHmGUMFYtZTmylwLg6XoRx1ZVaKKKpgedHvwvC/Lw/WrX0zMOydSPEb18zdHvwvC/Lw/WpX01Lsah04uBg+NjjkjjaRs0gOVTscoF72Gm4p5JOACTfQXNtTYeFVPiRVsQhbQq65DpdbEXseVwNe8VY8QezJ+gaypHu16POI4zGguwcD9GvPDuOQzaRvc2JK6XFu9b3FZ30m6R9Vi4Y8jNl5CQjPn7NsuxIIsM3fy3q09HcIonaVCAGjbMB33Wx00voQfVWrVK1yeSUre+PonOJY1ERndsqqCWJ0AA1JJpfheJWWGORDmR0VlI5gi4NVjpRjAxMBJCyAobGxN1N7EajS3tqwdGsKsWFgiW+VIkUX3sFAF/GonbPStCbObnXY/Gb7PpriueZ/6j3fo6b17ZDqQG3/5n8vormRrnRv8Aubey3dVIcDHv7/hNsOfm61wv4n9Zu4aWy0umHcgd3pcH0am9HuV/R/ib+fhQCOfbXv8Ahn7N964X/O2184/Z8KWGEe2tr/pt3cq6MI/9MxtbnvQCKyai7aa37Rv6uzrUlD5o1JvtfSmgwr87frNp8+tPY0sAO7+udAQHSHhfXsAUDBTf77JEQbACxQG433pXhnRuCIAhXzW1vLI4F7E2LHUaU6xKr1lyoJGxsLjTW3dXOHcahlsqHtWvlIIOm9r7252pfgteRaSAooESKQSbhmYcuVlao3HdEsJiUAxGGjLZcvZzdkX+C1lIPjoalsQyWDMoNjpcbHvFQvD+lqS4hsOsbgKWAc88u5tyW9wCd7eNS6CTZ3hXRHD4NHTCQgCRlZw8smuUEA3OYjensXCIyCZIwGO+VnYWG2pA+inrlHGoDAEbi+vrpjxTjqQOisrEOGN1F7WIH8aN1sJNukPcHgo47lFtfff+NZ95ffwXD/LH6t60PCYlZFDqbqwBB1Gh8DqKzzy+/guH+WP1b1TGT4sx8V2uCu1TjClZcS7KiM7skd8iliVTMbtkUmy3OptvRhXQNeRGdbbK+Q3775W+inXunC/k0v7cf5NANZsU7hVd3YIMqBmLBB3KCeyPAUvhuMYiOMxxzypGb9hZXVdd+yDbXn317904X8ml/bj/ACaPdOF/Jpf24/yaF/kb4XHSxC0UskYDBgEdk7QBAbQjtAEi+9iaMdjpJmzTSvI1rXd2cgdwLE2FOPdOF/Jpf24/yaPdOF/Jpf24/wAmg/k8YvjE8qCOWeWRBsjyOyi23ZJtpSY4hNnEvXSdYoAWTO2dQBYANe4AGmnLSrV5P+j2E4jO8LRyxhIy91lVr2ZVtYxD43zVefuOYH8ZiP10+xQ2oSltGPQ8UnSQypNKsredIJHDt+k17ttzpLE4mSRi8ju7ndnYsx9JJJrZvuOYH8ZiP10/y6i+lfkvwmGwk88bzF4oyyhmUi47wEGlCvHIyiiiih5Dzo9+F4X5eH61a+mZh2Tavmbo9+F4X5eH61a+l8St0I7X+G19+V9Kh04uCpcb4PM8t1AAuNSyi2u/fU/iQwjcn8Wdb+inkOGsLHta3uwW/wAwArs8IKsLbi3ZAv6r6e2s9J7WUCOWSV3lIgtcCEtGshXIMl7kgg3F9Lb166N4rEnEzYiR19zCGRl7YFyBHmZhtYlXN+QNXjDYBFGqhufaVLjw7KgV6fBpkZQijMpByquoI1GosfXpRJi0UPikeYB38++45X9NXjgJJw8JO/Vrf2CkDglC6jNex7apcabdlQKf4RbIoAsABoKKNBuznun/AJb+wd/pr1FPmNsrD0i1ZBPx7EvPJE2PkhBZ1ja6+fmsi2I1Hhcbb97fg3TvGBspm625CMWJNiDYlcpA5+I0FWxRtlFZL0z6SYmLGTRriXSMOoABAygqt7ab6mo09NcXBO6rO8gU2CTXuAyqwzBchuL79xqitWbbRUAeJ5cNHPNII1MSM7FsoBZRfXvufTVT6LdNoWnljOMLNI6mJHJy2IsEQn4V79knNqKlijS6KoHlB4zPEmHMUrIX63NlNr2K5fZc1Sf/ABtiOtERxkquHjsosQ9zdgxtoLaaW3rVENhxX3w+r6BRw7DQhnZFTPc5iLEi5J15i9700GILhXO7AH5hUfwnjuFgM7T4mGN3lbsvIitYaLoTfbUeFZfg0uGO+l/H0wuFae2ezZQt7Xa+WxPIAg39FZlwnygyRSGVoo2DXzAEr2b37O9j486vfSMRYjAhlKyRySSMraEEFnsw9t71j3Dc0cyKY2Lqw7GUkmx+LzqafJ45OqNU9PR9CYfEgxdYmoYBlPeCLiobpOYLxyyNISAQFRrAhiL3FibkgDs9o67gEhzxXGiPCSyEhOzpfSxKmw9tVnAY7Cy9XBLi0TEqochmYEZu0vazL2wrcmvZjoQaaej3hp2y68DxscsYMegAAtcGwsCNibixBv499Ujy+/guH+WP1b1deAYCOFAsViPjC2uw07xZRvc6ak71SvL7+C4f5Y/VvWjzyVTox8V2uCu1TiCiiigCiiigCiiigNB8hP4bN8gfrI60B8Vi8VPiEw8yQx4dxECYxKXk6tZGLXYZUAdVsNSb6is/8hP4bN8gfrI6vUGLbA4jFh4J5EnlE0bxRNKCWjRHRsvmMGjv2rAhhrUOnF8RHFdIsS2Ew+KR0jYTJDPHkzhmOIWB8jEgqAQ5Ghvcd1SnlF/u3F/JNULNwiZOGxIyN1z4uKZ0UZinWY1ZWBy38wNqduyTU15Rf7txfyTUNvhnztRRRVOMX4XKUnhdbXWWNhfa4dSL+GlaFivKdxASlFXDgdYU1RzYXtv1gv8ANWdYEe+x/KJ+8KmuIALOLfjhoCbWvyrEjqwcMvE/lDx6K10w7EA2YBxrbTs59fRelMD5RsUZQHWExnYqrX0vp5+utvnqi9Ii3umFcrMrK3ZXXUA94seXspXAaRx2VjJlz5bWOt9/bb1VlN2dDSo0XE9O5r2jWMd5ZWt6LBqq/HvKzjoZ3iQYchQm8bknNGjnXrR8Y+ymkWKJezAqd7kd45W0NVTpepGKkexItEbg/wDJj5cq02Zimy0R+WDHSHLlw+un3t1t4m8lbD0WxrT4SCZ8uaSJGOXQXZQTYEnSvmbBQmS6Kouw1udhm1IsNNd6+k+g8eXh+EX4sEQ18EFE9lktWYB03jkXEGW1kLyBDcecjksQNxa43pv0XV1kEmX3syJGWuNHPaAtvsDWuYroBg8VZH64ujO5CyR2u5XPbnluotfvoj8l2GhRkjXEMSySD3yOwdAwW97G2utuVa8GdWUbyvQM2LncWyRyLmufjxqFsOexqqcMV3kaYnMEAMhYm5zkINTubkeytT6YdCJsZisQqyIokkRl7QJ7EdiCtRC+SfGpEyIELvIpY9YApRQcoHO4JJ9Y7qmxonvKfDK/CsIIlJHvRe3JViY3Phf+FZHhME88hSNsrKkkinvMSFwB3E5dK33pBwrrcFHgzIscvVohN72OTJflmF6qXR7ySz4fEpM0ysoNmAW11IswuW5i49dNjRKdO2BjwXW3UFZC4G41jJGl9dbVSuN4CNcRaKNQrCI9YzMZATYgDlpcDa9aP0+4K8ywBWRSglvma3nFDp7KqOJ8nvEpJFYLEEDK1+svmUHQWy6aW2PL1VrxREX7ARkpCokZDkAsArX0G5KnUW8KmI8BGQM0aMbC7FVudNzpTLBxNHZG3VVBt6BUmjmoBLFxAhFDFBewCqpB5AaqQB7KVw8WUAHtEfCIAJ9QAHsoea25A9NefdA7x7aA8cQhDJYnKCRsqtffSzKR81eYuGR27SI5+MyJf5lApZZ77EH116zmgOQYVEvkRVvvlAF/YKzzy+/g2H+WP1b1omc1QfKPxrBvKmDxeGmlKWkXqmCi7BhvmUk2vpQzJWqMaFKtDa/aU2zbHfLbbTnfT0Grxh4+DtLHEcDikMjqgLSHQswUE++XsCauB6EcLLyRkSZkvnBll+EFza310ZL27xQ8e1IxdoLX7aaX5nkL6ac72FBg/PTnz7lv3c9vTW4r5OOHsL5JCGudZpdcwAN+1zFqq/lK6H4fCYdZoDIpzlWDSsQ2eNhu19eyB47eIEeNpWZk62Nrg+I22rlK4prsTe+g1zZvgjn/AFbakqp5BRRRQFm8nXSiPh+IkmlR3DxlAEy3uXVrnMRp2TV8+7Thfyef/t/brHaKG45HFUjY/u04X8nn/wC39uozpR5VcPicLNh0hmVpEKgt1dgT32cm1ZfRUK8kmFFFFU8zuGe0iG17Opt6GBqenBdi4VVJNxc5tdxYbfTUDh750tvmW3puKukMSrZio6w/CtqL75e4eNYkdeBpJjroziQI3MuQucti7hTqP539lOsXEgFwEBBF7SZjYgbD11l2PALOUzMwkY21NrEn5u+tHiIub69oW0vbsj+dZ4aPd7TFTCGt3jY1V+MYdXxTpntZIc+g36qPv3vp89Wxe/u9FUbpQzDGTZb69VaxKnSJL+qxrTQxtp/7OJCiyhUYatbMxsAL5r379/XavoToeLYLDA2uIY72Nx5g2PdXzmjFnA9AF++9r/R7a+iuhKEYDCg7iGMf9ApSTPXNFRjr2SyqeZv81ewKiDjsN13ubrPfspk6vO2bLsTa+g127qfQRIpuoPdqxP0k1o5hYIbm5uDy7q92pnieJxRyRxO6rJLm6tSQC+UXbKOdgacdcKA7Y3vfS238b16tVZ4702TD4kYX3PNK5RXLIEyqrFgMzMwt5pobp3hVljgdikkouqmx8Bci4FzcDvtpWXNJ03s3HHJq0tFkZSSLGw5jvr1aksNOHAYbG/zG38KWqppq0Ydp0yNxH31vV9ApYvYX19QJ+YVyT74fV9FPEqgadbpms3d5rX9m9HW6Xs2nKzX9m9PaKAZNJa2ja+DfP3UPIAbWb1Bj9FPaKAZxvfa+neGH01HcT6M4XEP1k8CSPYDM172Gw38anaKArcHQzAoyumGiDKQymx0INwd+RFTZpzRQDaqV5ZGtgBrb31eeXeOTmfo57VfaovlpNsAOXvq8wPgSd/8ARoZn8WYpiWuxN76DW4b4I5ik6UxBux1voOYPwRzGlJ1TjCiiigCiiigCiiigCiiigFcALzRA7dYn7wrRjwuFydZdNNHX7FZrC9nU9zA+wg1d+E8XVnVVN82UMDysOXt28KxKVM6MPDF26H4frJJc0oLoVNnQAAqFJHve9h89SUWAg/O3vq6+j4nhTfpFj+pw0sg3VDa/edBf1kVWOFY12QF3JvmYkn88Lb0atp40dJWe6TbovKYSAc3/AF1+zTDifRLDTSNIzSKzgAkOmwQIN4+5QfTUf0SxDyxRu7ZiQxa/6WlT8bBnItewt9FW0aacW0V2XoZhlGksx0sLvHp/261vopCEweHVSSFiQAk3JAUbnmazPEEHNuSASO62Y2/d+itQ6Oi2GgA/Fp9AopWSTk+WZdw6YP0nkNhcPIM1zqEw6plttoQT6qvnCemGGxGIaCB+ssgfrEBaPUkFS40DDLz0N9De4Fa6Y9ApPdTYrCMwmxJKOWKBIlZMskg2YsyggKObk3FqtPRno9FhYwkSgAWJtbVgLXa3PuGw+eqZKX5QZB/buABJGXqbeBaV7W9JAB76v2K4zBHNHC7gSSllQfnKFYqTspsykA73qN6Y8GgZkxjwSSzYYqY1izFmOYFFKjQjNY3Oi6na9RnQforKksuPxgX3XO18osRCmnYBGhawCkjZRa+pvdAPKNhxKk0TWytEDqNmUgqxPcCB+sazl8bJFHEvVIEYKgY6teAqQwJ80kue/wA2tQ6SzRPiDh2YXeHtLzySBkLL32Ivp3eNVLFdFHmwsMd1SSFm31B7RBII5HQiuOeSNpS8P+q5O3HCSVw8r+7LlxTjrw8MGKw6q7dllVjZSrSdrMfg9knXSxteo/o95TUeY4fHxe5JSRkLE5SG83MxAynubzW5HlVm6KYIR4OGM9rItr95BOtI8X6H4TFOkk0QZ0XKpueyASQAL20JO966MddKr0ck76nftkgWBckag2sfUKeptUdDh1jPVoLKoAA7gAKdzziNCx5D2nkK2ZHFQ/SrCGWAqszxWZSWjYo1ge0AwItcXpxw1yAA7Xd+1bwP8KpPGcR7vx8+GmnMWDwxijKKcpllmPYBax+ECtvDxNVIqLd0b4jHLEEjlMpiVUZzftkC2cE+cGIPaFwSDqbVMVmMeHTh3EsMsE0kkEjPA8buzdVJlR1A2FjnjNj3nwtfuKTkAIh7bm2nIcz/AA9fhRohIUUhhnFsoa5XQ+kb0vUAUUUUByqH5cv7vX5dP3Xq+VQ/Ll/d6/Lp+69DM/izERXa4tdqnGFFFFAFFFFAFFFFAFFFFAcB1HpFSOAxTZ1C6M+ovp8Ky1HAXIHeRVp4LDFKwYKcqoFAHgSdfnrxyK2jqwLTPeLgmkkVJSWjLAuLix2OUra1g1qh3wU0LadpFvcj4t89iO+xI9Qq3RSpY9pd2535g73pHHxR5WykXIt/XtrUY/pR73TIvovxbqYY16stcPc5gLWNxv3XNTkPGVDgpGW6zLdg+g3Hd6KgBgo0Rlzk2DW5a3vvbwtXeFzoEzWAfMTpm5bad1yaju6LJ27XBYMWLCXU/CtfWwu9aj0WYHCYcjYxJb9UVkX9qZ8wykBr62bnfTbxNSeF8qskCLCuGRliAQMZGFwote2XTatRRlmoYaNrljI7DUZWVVG/KyA+G/tp2B4Csq+7LL+SR/tW+xR92WX8kj/at9itGTS1iJcnrHsD5hVQu2wOS5HPenQXwFZV92Sb8kT9q32K7J5YZlNjhEBHIyt9igNAxvB4pZhIy9tQtiYo2tlJ2doyQddgfRbWn3uJPiL7B/Ksw+7JL+SJ+1b7Feo/LDMxsMIhPyrfYqOKfKKm/DNJxMPmqrtGNdEVSO/W6MBz7t+dOVvYc/H+hWWN5Y5gbHCID8q32K592WX8kj/at9iqQ0qT74fV9FRpxEs5IMJCxyMpXMCTYC2blqDfQkWbe9wEuh/G2xsC4hkCFywyg5gMjFd7DfLep2KBRfKAMxzG2lydye86UBGPO/XK3VkNksFuNrnXe3f7KqWHxseB4pjkxL9SmMWN4pToLqrBrMRYMC53+KO8X0BsIpYPrmAtvy/omk8Zw2KVcsqLIvc6qw9hFVMGf4nGR43H4DD4aZsQuFZppZjY92W7KoUm4A0FtR3G10AkErSGItyWxWwUbc/X6zTzB8NiiXLEixr3IqqPYBTjqh40bBVeLlzh8R2mjUdY8jAqLouskRY6pmF1zrqL3FWLhJBhiIXKOrWy5s+XsjTP8K21+e9e4sGq5rA9okm53vvTmoAooooDlUPy5f3evy6fuvV8qh+XL+71+XT916GZ/FmIiu1wV2qcYUrhcO0jBEFyf6ufCkql+izgSMDuV09R1H9d1eWWTjFyXg6PxcUcuZQk6TY6k6GzCPPfSwN8py67a+Por1w/oZLItybHS4Vc1r7XNxWkS4we52bMhVogFHvYIYqgIFjmLBixNwLWrx0ckvFZXVSrsWv1dyuVbXLkWW+bUA17/hpShKUnf1/3Rr/IxjjnGOOPTzu3v635KVwjybTSjNJMqIfNIUsWHfa4yj1mmHSroVNg16zMJYrgFwMpUnbMutgdr39lajxjGlYs0OZmdgsZRGcanc2BCra+rWA76gOK8QY4DGe6M2hdEZkKBi1urCKyKdCR8bUHtNa9fMw/yH5Us/VrpuqrfNevB0P8bGsf3V2ZTRRRX0h+aOODwLJiYI2F1eWNWFyLq0iqdRqNCa3ceTvAIDlhbUWIE0ouNe97czRRWZJHTi4FcH0IwSggYdkF76yMd97Wc05/8HYT8Uf13+1RRVPU43Q3BneK/pd/tUL0MwY2ht/jf+dFFAI4rolhR/5Z/Xf+dYp0mhVMViEUWVZXAG+gNFFAPsPFhSqI80YW8TscknWfez1qXyWvn03IsVO4tTebAQOw6vERJewtaZtlUfir3JDHxuNBRRQEbiYsjsl75WK3ta9jbblXvFKBpYg+i3zZRRRQAyjqwefLTfXvtr7a8YZQWsReiigPWGUFiLeq3jSUgANhf10UUBsvkn/AIv0pfrXq5vEGFjf1Ej5wQaKKA8e4U/O5fDfl/iryuBQW87T89z/8tqKKAP7OT8/9pJ9rautgEPx/2j/aoooD1h8KqXyltbec7Nt3Zibb8qcUUUAUUUUByqF5c/7uX5eP6GrtFDM/izEVrtFFU4wrqsQQQbEbEV2igHh41ORbP67C/ttXrDccnRcoe45ZgGt6zrRRTDp/p1+x7ZXLLXcbf77HnC+mWLgvklzA6lXAZb+A0y+gWFNuOdIcRiiDPJcL5qABVHiANz4m5rlFc/ax93q6Vfvyefcl8L0RtFFFdBk//9k=','https://www.youtube.com/embed/sgCSEk1XsCo'),(8,13,'Advanced Excel Tutorial: Advanced Functions Course (VLOOKUP, IF, Forecasting, Statistical)','Office Productivity','2022-06-13','During this epic 4 hour, 32 minute, advanced Excel training we look at some of the advanced Excel formulas and advanced Excel functions, including the IF statement and VLOOKUP in Excel. This Excel course assumes you already know how to use Microsoft Excel to a good standard and it teaches you how to take your spreadsheeting skills to the next level.','Simon Sez IT ','https://yt3.ggpht.com/ytc/AKedOLQlYDkDN84uStQTsDFG5rLvq5zThQLwaeX_m2FhlA=s88-c-k-c0x00ffffff-no-rj','English','4h : 34min','https://encrypted-tbn0.gstatic.com/images?q=tbn:ANd9GcROxFF374-yCoKw4mvp2K7LXFw7rDMYJTzrzw&usqp=CAU','https://www.youtube.com/embed/gjfjn8Lwa28&t=27s'),(9,10,'Ethical Hacking in 12 Hours - Full Course - Learn to Hack!','Network & security','2022-06-13','A shout out to all those involved with helping out on this course:\r\n\r\nAlek - Creating \"Academy\", \"Dev\", and \"Black Pearl\" Capstone machines and a Discord Admin.\r\nDewalt - The one man Army of a five star support team.\r\nDwight - Discord Admin and awesome hacker.\r\nGrimmie - Creation of SumRecon, lover of cookies, and a Discord Admin.\r\nJoe Helle - Creating the \"Blue\" Capstone machine and the PNPT foothold. The OG support staff and a Discord Admin.\r\nLian - The OG Discord Admin with French Bulldogs I\'d like to steal.','Cyber Mentor','https://yt3.ggpht.com/ytc/AKedOLRGnc0be-YXi3zenYi6s8uwgPxi_IrLBZ7Rigv7=s48-c-k-c0x00ffffff-no-rj','english','12h : 17min','data:image/jpeg;base64,/9j/4AAQSkZJRgABAQAAAQABAAD/2wCEAAoHCBQUEhgSEhIYGBgaGRgbGxoZGBgYGRoZGBoZGRoZGRwbIi0kGx0pIBoYJTclLC4wNDU1GyM5PzkxPi0yNDABCwsLEA8QGxIRGTArICQyPjA1PjI4Nj4yMDIyMjI2PjI4PjAwOzA+MD4+MjU0NDY1Mj4wMjAyMjIyMjUwNTIwMv/AABEIAKYBLwMBIgACEQEDEQH/xAAcAAEAAQUBAQAAAAAAAAAAAAAABQECBAYHAwj/xABDEAACAQMCAgcEBgcHBAMAAAABAgADBBESIQUxBgcTQVFhcSIygZEUQnKhsdIjMzVSgrLBFVRikpOz0Rc2c3QWovD/xAAZAQEBAQEBAQAAAAAAAAAAAAAAAQIDBAX/xAApEQEAAgIBBAEDAwUAAAAAAAAAAQIDETEEEhMhQQVRYYGRsRQiMnGh/9oADAMBAAIRAxEAPwDjMREBERAREQEREBERAREQEREBERAREQEREBERAREQERPe2tmqNpRSx8B+J8BA8IkvddG7unu9tUx4qusD1KZAkSRApErEBAWJvfVVUqrXvHt89sLC4NPSoY9oHpaMKQQTnG2IGi6D4H5Sug+B+Rn0fdXXECl4Q9dKqLUaiqUaTUWCYNLS7IS7uMhlzkb7LgZ9Lz6fSqVClxXqIi2jKDSoHWGrkXIGimCzLTTOkb+2eZ04D5s0HwPyMaD4H5Tv9bifFw/sLUINs7Y7JNqhpXDIfcxrDi3GnX9bGk5JWRXiV99CUYr9trQ1H7JWdKRqBX7JWpoHcLuAUOxPvYGQ+b9B8D8o0HwPyM+j/pvEfpNJV7Vkxb410qSq9NlP0h67AZp1lOMIuBy2OTpw+jHEOLtWtku1YIA3bMaaL2hqUnqoTgDR2ZCIcYyx74HzzERAREQEREBERAREQEREBERAREQEREAIgRAREQErKSsC+ioLAMcDvM3PhV0ippp0yq97ZCk+pB1H5zSMzOtbt1OnBI3237x5QOzcPuSTzz6jw88y/iXAbS6H6aiuo/XX2XH8Q5+hyPKaN0a42C5Vzg7d5B5DlvvN9trgMoKtkfePWGuXK+l3RZ7JgQ2uk5IR8YIPPQ45Bsd/fg+YGszv/ErNLig9vV911xnvVhurDzBwZwi9tWpVHpP7yMVPqpxkeUJMMeJWUhCIiAiVlIDERECkTO4RwurdVlt7dNdR9WldSrnSpY7sQBsD3zZ/+lnFv7oP9ah+eBpUTcanVpxRWRGtgGckKO1o7kAsfr7bCen/AEs4t/dB/rUPzwNKibXfdX/EqJprUtwpq1BST9LSOp2BIXZttlO522mF0h6J3liqNd0hTDkhcPTfJUAn3GOOYgQMTZrnoLxBLb6Y9ACjoWpr7SkfYYAg6Q2rkRtiV4Z0F4hc263VCgGpMGIbtKa7IzK3sswOxU90DWImZw7h9W4qClQptUduSoCT6+Q8SdhNw/6T8U0a+xTOM9n2qavTnpz/ABQNDiZF7Z1KLtSqoUdThlYEEHzBmwcI6BcRu6K3Fvbhqb50salNc6SVOzMDzB7oGrxMviNlUoVXoVlKOjFWU4OCOe42I8xsZOX/AEE4hRtjd1aAWkFVi3aUj7LYCnSGz3jugaxERAREQAiBEBERASspLlUk4EC2S/D61FgErAqw911OPg3jMIWw+s4H3xTdFIIXPjq/oIG3W3B7fUrrcaSRnGM6hyz9xm0cFVEb2XLeGw/Gc3PEgpXQF9nGDpXluSNxz3+6T3DulVE+zWpBdveTK+14kKRDUOmO4C5zj+k5f1lcP7O7FYe7WQN5a0AVgPhoP8U2zh/SG2cYFYeYY77Y/e75f0x4el1YM1H2mpHWoGCdI2cDx9kk/wAMEuQREQyREQEREBERA27qm/bNr61f9mpO8dJaXEmZP7OqW6DDa+3Dkk5GnTpB2xqz8Jwfqm/bNr61f9mpO8dJOE3lcobTiBtQobWBSWprJxg+0RjGD84VzPpp0r4vw+vRW4e2Z9LOppoxUBtSEHVjfnOh9XvHKt5w9Lmvp1lqgOldK4ViBtOXda3Rq5oU6V1d8QN0xbslzRWnpXDPzVjncHu75v3U7+x0+3W/nMDn/BOnV3xDiFlRuTT0rco40ppOoBl555YYzpXWL0OfiiUUSstPs2diWUtnUFGBj0nDer39q2n/AJknV+uni9xbUrZrau9Is9QMUYrqAVcA4598InOmFqaXAatEkMadsiEjYEoEUkfKYvVn+wKX2Ln/AHa09Ok1Rn6OszsWZrSkzMTkliqEknvJM8+rP9gUvsXP+7WkVg9SfBqdOw+l4BqV2YFu8IjFAg8BqVj55HgJrt51wXFO9dewptbo7qF9oVCqkqG15wGJAONOMbeckepXpTTND+zqrBaiszUs7B0Y6mVfFg2o47w23IzPr9UNs949w9dzSd3c0QoU6mJOBUDZ0gnlpz5yjkvSXj1bil2rtSRWbTTRUGNixCAk7s2Wxk/ACfR1klOyoWtqTt7FBD+8603fJ8z2bH1M5X0b6GUKPH1pUK/bU7dDWfUoJSoPZSmzLsXDFXyAOWMZBm+9MenVvw2pTp1qbuzqXGjR7IB05Oojmc8vAwOZdeHB+yvUulG1dN/t0sKfmpT5GdE6c/8Ab1T/ANeh/NTlvWxwkXXCndRk0cVlP+FRh/hoLH+ESV4jwc3nChaB+z7SjRGrTq04CN7uRn3cc4Hy3E6R0u6rjYWb3ZvBU0FBo7IrnW6p72s4xnPKc3hCIiAiBEBERACVJnu9rUVdZQheWSMc5jwGYiICIiAmfw7i1eg4elVZSCNsnSfIjkRMCXBSTgDPpAzuKqvaF0UKjgOqjGFDjJUY5BW1L8JgzqPBOG8PqWqW9cI7qvtOBpYMzFiBUA3ALEc8bSH4h1et7TWdzTrgZITUoqY8NiVJ+UK0aJ616L03KVEZGU4KsCrA+BB3E8oQiIgIiIHraXT0nFSk7IwzhkJVhkEHDDcbEj4zP/8Ak1//AH65/wBer+aSfVtZU6/FbelWpq6MampWGVOKVRhkeoB+E2frp4NbWr2wtqCUg61S2hQurBTGfmYHPr3i9zWULXuatRQcgVKjuAeWQGJwecutON3VJOzpXVamu/spVdV357KQJ2frI6MWVHhFStRtKSVB2OHVQGGp0B38wSPjNU6mei9K7qV69zSWpTRVRVcZUu51E+qqv/3gc4t6703DozI6nIZSVYEd4I3BmRfcVuKwAr3FWoFzgVKjuATzxqJxOudbnQ22pWS3NpbpSNNwKmgaQUf2QT44fQB9ozRurnoh/aVwwqMVo0gGqFfeOonSi+BOG37gp8oEBU45dNT7JrquaekLoNVymkcl0k4xsNot+N3VNBSp3VZEGcIlV1QZJJ9kHG5JPxnfbiz4DZulpVpWqOwAC1EDvg8i7sCVz4sRNG6UdHuG0uL2lO1ZG13FNa9sCXVQXXv3Cg5IKE7bYAEDlakg5GxEmD0rvynZm+uNPh2z8vDOc48p27pJ1c2tepbpRtqdFBUZqzINLNTC7ICO9mIHkMnu31jrXHDbOkLW2s6AuKgyWCjNJP3vtNggeWT4QOV2XE69HJoV6lMtjV2bsmrHLVpIzzPzlt7fVaza61V6jAaQ1RmZgBk4yxJxknbznbeh3RiyqcFp16lrSeoaNZi7KCxKtUwc+IwPlMPqf6N2dzw96lxa06jiu6hnUE6QlMgZ8Mk/OByf/wCQ3mnR9MuNONOntqmnTjGnGcYxtiXL0kvQAovbkAAAAV6gAA2AA1bCde6wehlqj2Va3tkRPpVKnVVVAVkquoBYd4BXT/HMHri6OWlvaUWtbVKbtXC5pphmBRzp257gbQOV3XHLqqhSrd13Q4yr1XdTg5GVY4O8jZ3/AKM9XtjY2v0jiK03qBdVRquDSp5x7KqfZONhkgknljOJbxiw6P3dm9dHt6SrkCtTXs2V8HANMAF8/ulTkcvGBwKJc4wcA58xnfzlsAIgRA9aCBmCk4z34zJwW9OmAyAkjvY5+WOXymvAz1NdyMajAk76+V0Kk88EYHeJDmIgIiICIiAklZ0NAFRuZ90H+b/j5+E9uE8LLDtqg/RqSN/rEdw8htn5S+o/aVPIH4YgbDw67CjLHYDumxLffogwIyMEavxB8ZobMSVpjmTv6SRa6ZGCscimpbHjjfEqugV7O3vF03FNH9kAuRh1PMAOPaGMjv8AI53nION8Jq2tVqVVSCN1Pcy5IDKe8HHw5TpHDeIZtk7PDMQS2+M1CTz8BzMw+lFCpXtqgraWqUkFRCv1MEaxnnpKgn1UHuglzGIiRCIiBt3VN+2bX1q/7NSdt6Z9NqHDGprXpVH7QOV0BDjQVBzqYfvCfP3Q7jS2V9Su3QutPXlVIBOpGTYn7WZM9Y3TOnxNqLU6LU+zDg6mDZ1lTtj7MK651ttngtc+JoH51UM9+q7hH0XhdEEYaqDWbbvqYK59ECCc86UdZ1ve2ZtDa1FDNS1NrX3UdXYDbmQpA9Z69JOtinXsqlrb2z02dAisXXCrkathv7oIHrA6rccE7SwaxqVC+qiaZqMAGJ04VyOWQcH1E0LqNIRLu2caaqVVLA88YK/HDK3z85qnQDrIHD6D0a9KpW1PrUhx7OVAI9r7IPzkNddMWp8UqcSsV7LWcsjYZW1Aa1bTjKsw1dxyfEZgS3WZ0eu6nF6pS3qVBVNM02VWZWHZouARsCCCCDjGM8pE8E4Jc2nF7SldUWpt9Jo4yPZYdou6sPZYeYJnQrXrrtyn6W0qq/eEZWX4FtJHy+c0zjfWLUu762uHp6KNvVSolJWyTpZSSzEYLEDA2AHzJI+hqlVVKqzAFiQoJALEAsQo7zgE+gM4F1w9GalvdteZZqVw2dTEkrUA3pk+GBlfIEfVl3TfrJF6tA21OpQqUavaBiynfTgYwPx2kpxPrTtry0a2u7JzrQByrqAHH101DbB3GfTeFbn0D/7fp/8Agr/zVJg9Rf7Mf/2an8lKah0f6zaNtw1bFraozKlRNYZQDrLkHHP60xur7rFpcNtGt3t3qE1WfUrKBhlRcYP2fvgdX4FcrxCwAY5ZKmhvEVLaqGQn10I38UiOtmsiJY1KhARb+izE8gqhy2fgDOddCOsVbB7nXSd0rVO0RVZQUYltWcjfIKj+ESvWH1g0uJWyUUt3plKgfLMrAgK642+190DqXWnYVa/C6tOgrO4am2lRlmVXBbAHPHPHlIboh0G4VcWdF6lpqq9mnalmroe00jWCNQGc55TVeiXW29vSWheUmrKg0rURgKmke6rBtmwNtWQdhnJ3k5V667fWNFpVKYOSzKrZyMAKMjGM9/hA5Bx6gtO7r00GEStVVRvsquwA335ASOmbxa6Fa4q1gCBUqVHAO5AdiwB+cwoQEREAIiDARAlSIFBBESpgUknwrhT1mXYhCwBY+ZA9nxMwEGSB4zc7JxSCKxyxZB6DIJhYeXSO8RAtCkMIi6AB5d/mSck+sibBdKGofSYvEXJquD3Ow+TETIuKgWkqjwBMopbVs1C57pSte6nbfmpExaQ/RufT8Z5WyAt7XIAk/AEyI2SxvzSZU/dGW+02Dt47afjmbl0fu0XXUrOA1TmDvtyCemPxM5/wGiKlc6nCs2T6EnOB5zeaFl2eNFMMw79iceO8qw0PpPwcW1bCNqpvlqbf4c8j5j8MHvkLOuXVvTuUWnWC827wcZUAEHuYHByP6zlFzQam7U3Uqykgg9xEhLyiIhF9GmWYKOZntUtWUhf3jt+Epw79YPj+BmfffrKfr/Wc7XmLa/D3YunrbDN55iYj+GL/AGY/l855UbNmzy2PjJstuB4zzpJgt54+8b/fOUZral9C307F3Rrevn9kFUp4JB7iR8pQIe4T1u/fb1P4mSHDK+2jG43z8p2taYrt8vDgrfLNJnX2RJXHOVVCeQMzuK++PT+syLe4RVAG5wMgA5JMnfPbExHLdemr5Zpa2oj5+6JKkcxLqSFiFHfJfiKAoSRuMY+Y2kbYj9IvrFb7rMmXpfHmrSZ3E6/aVLi2ZMZxv4GX1LJlXUcYwDz8ZJXdrrxvjGe7PPH/ABF4MUiPIfiJzjLM6+/y9dvp8V8kzE6iNx7RFC3ZzgD4zJbhrAZBB8gf+RJCgoSkMDuyfM4zMWzvGZ8NyOfh3yzktO5jiGa9LhpFYyTPdb7fCOWmdQXvzj4z1uLRkAJxv5zPvKY7RG7yQD8CMSnFfdHrLGTcxr5c7dHWtcm+a8fqwqlkyrqOMbd/jLqdgzAMMYPnJC6/Un0H4iVtgeyHocesz5Z1v8u8dDi8vb7127/VG1LB1HLPpLLe1Z+XId55SYtgwHtnfP3TzsqqkEA4OTt5HkRHknU/g/ocXfXczETv1PPph1LDSCTuB4MP6rPDQvg3+YflkhdJUAO+R37AH7pG5nSlptHuXh6vFXHaIrEx/tcKaeDf5h+WXdnT8G/zD8s88yuZt5HoKdPwb/MPyyvZ0/Bv86/lnnmMwMigaaMG0MceLr+SZbX6l1co3s8hrGP5JG5lQYVlVXps7OUcFmLY1rjJOce55y64q035q48g6/kmHmVzAykamEZND4bG+tc7HP7ksSlSH1X3/wAa/kniDLlgedY9nVJpM2AcqTjVg8s42J7pJHjt3WwofG2MgY+cirrd/l+Ey7Jax9mlgem33ywiXocCrNhvpRB/i5/OZ3E+A1HpjtKiO4U6HAIYgfUfxB7vD5yMp06in27ymh8NWo/dJi2VveFyH81Ax9xlVocpJbpDZGnWJx7L5Yep94fA/cRImRGVw/8AWD4/gZnX36xPX+siAYLHxmLV3bb14+p7MU49czv+E5ePjSfA/d3zIE1wse+NR8T85znD6iNvXX6nq1p7fUvS7P6RvU/jMnhPvH7J/ETAgGdZruNPn0y9uSL6+ds/ip9sen9Z78PtcDW3PuHgPH1kVAMk0/t7Yl2r1NYzTlmu/tG+EzxGnlCcnA7u7PnI6w/WL6/0Mx8xJWmq6TL1MXyxkiuta/4leKMRowcc+/0ntd/qT6D8RIQtnmZXWfE/OTxce+Haeu3N51/lGuePSYsa4dQp5gYx4jyl1GzVG1ZPxxgSEBl7VWPNiZJxTudT6ladfXtjvpua8Szby6BdcbhT8znf8JmV6QqqMHbOQecgjL1cjkSJqcfGp4Yx9b7t5I3FuUtxCoFTTnc4HwHf909KBIpAjuBPykGT4yuo+JmfF6iNtx9QnyTfXMaj8JxT2lPwyMHyMxbSzBGSSCCeR5YkareZntTYb4znB3ljHMRMRLNutre1bXpuYjU++fymh7A9ps47zIMneUZyeZJ9TmUzLTH2798ufVdV5tREaiF2ZXMslczo8a7MZluZWQXAyuZbmMwLsyuZbKiBcJ6JPMS9IGPee+fh+AlEdz7IJ32xnGfKTfD+AGs2XqogPIZDOw25KDt8d/KbJacIo0UJprqccyzAt92MemJYXTXOH9Hiw1VNQ8gjfeTg/ITOXg6JuAcfvIzZHqMgyQub40xkkqM4zzA8M+H3yn0jUNWVPmp/ESiG4jTcoVZ+0C+0AQA4H7ysNm9MTXqq4Pj4HxHcZt9z7Q22Ybg//u4zWeKqA4AUL7I2HLOTyiUYMREgREQEREBERAREQEREBERAREYgIiICXo2PjLIgemZTMGUgXZiUiBdmVBlmYzA9MyuZ55lQYF+ZUS0GVEC8S9ZYJVjsfQwN5o29CpQp5VT7CjUAMggYOCNwc5mBRvWp1OxqNqGDoZvex+6T37SS6YLTtKqimdIenTcqNgHwVcgeB0A+pM07iPEFqac5yDz5H5xE7jbVo1Omw61fUgORuCp5jxGO8SM+ilDlCQM7jwkXc18PrRtyFz45AAP4T3Xi7sMEZPiOfxlZVqXTK5QnA7j4Z/pMG/qFmGobgYP4/wBZfWDucsMSjLAwoiJAiIgIiICIiAiIgIxAlYDEqFgS4QAWXBJUS4GBQUhLvo4l6z0UwMV6GJ4GShXM8K9sACcwMQmUlMxmBXMZlMxmBdEtzK5gXSuZZmMwPQGXAzxzK6oGQpnoFztMQPMm2fUwECZ4y1a7q9rWKr7KooUE4Vc4H3mYX9lKObE/ITNapPNqkRGiZ28foaD6ufUkymkDYAD0lzPPJqkooxnkxhmljNAwYiJAiIgIiICIiAiIgBAiIFwlREQLgZXVEQHaShrmIgW9q3iZYTEQEREBERAREQEREABPZKOe+Ige4oqOYzMhDtttESh2plpqREC0tLCYiBYTLSZSIH//2Q==','https://www.youtube.com/embed/fNzpcB7ODxQ'),(10,1,'Learn Data Science Tutorial - Full Course for Beginners','Devlopment','2022-06-13','data science, data sourcing, coding, mathematics, and statistics.','freecdecamp','data:image/jpeg;base64,/9j/4AAQSkZJRgABAQAAAQABAAD/2wCEAAkGBxIQBhASERMVEhEQFxIVEBASFhcVERAVGBUWIhURGRUYHSgiGBsxGxgTLT0hJSkrMi46Gh8zODMsOSguLisBCgoKDQ0OFRAQFSsdHh8tKy0tLS0tLSstLSsrKystLS0tKy03KystKystLS0tKy0rNy0tLS0tLS0tLSstKzctLf/AABEIAOEA4QMBIgACEQEDEQH/xAAcAAEAAgIDAQAAAAAAAAAAAAAABwgBBgIEBQP/xABGEAACAgADBQUDBwgJBAMAAAAAAQIDBAURBhIhMUEHUWFxgQgTIhQVMkJSkaEjQ2JygqKxwiQzY3SSs8HR8FODk+EWNTb/xAAYAQEBAQEBAAAAAAAAAAAAAAAAAQMCBP/EAB0RAQEBAQADAQEBAAAAAAAAAAABEQIDITFBMhL/2gAMAwEAAhEDEQA/AIZAB6nIAAAAAAAAAAAAAAAAAAAAAAAAAAAAAAAAAAAAAAAAAAAAAAAAAAAAAAAAAAAAAAAAAAAAAAAAAAAAAAAAAAAAAAAAAAAAAAAAAAAAAAAAAAAAAAAAAAAAAAAAAAAB2ssy+3E5hXRRB2W2vdhBdX1fgktW300IOqlq0lxb4JLm33HO6iUJ6TjKEue7NOL079H0LM9nvZxh8rw8bJpXYyS+O+S1Vb04wqT+iufHm/LgtD9oPOsPbjMPhYKMsRh3KV1i51RlHhQ33vg9Omi7zid7ciofABogAAAB2bMDZHL4XuD9zZKUI2/V346b1bfSWjT0fNciDrAAoAAAAAOVdcpWKMU5SfKMU3J+SXMWQcbHGScZLnGSaa80+RIfYbnWHwu1ko3qKliYKui6X5ue9rua9N7gte9JdSaNt9hsLmuDatjuXxX5LEwS95B9z+3H9F+mj4md7y4qqQPU2lyG/L83nhsRHdnDjGS+hZB/Rsi+sXp/FdDyztAAFAAAAAAAAAAACyfZHsHHLssV98f6biIrf154eD0apXjy1fetOhHvYXsisVm8sbdHWnCNKlPlZfzT8orR+co9zJi292phlezlmIlpKx/BRW/zlrT3V5Li34JmPd31Faz2t9onzdhvk2FaeNtXGXBrCwf12us30T833Oulk3KyUpNylJuUpSespNvjJt83r1PrjsZZfjLLbZOdtsnKyb5yk+b/APR8DvnnIAAO0AAALA9i2S1Yjs0sqxFcbKcRfc3CXJpKEdfB6xfFcivrfAtv2fZQ8Hsbg6GtJxrjKxf2k/in+9JmfkvpYr32kbBW5Tj003ZhLZNUXPnF8/cz0+tprx+to3w5GmlyM9ymrGZVbh74qdVq3ZLqu6SfSSejT8Cp+1uz1mW5/dhbeLretc9NFbW/oWL059zTXQcdb6HjgA0QAAGGuBOnY72ku6UMvxstbeWFxEnxt05Uzb5z7pdeT484MMxk1JNNpppprg01yafRnPU2KtR2j7F15rku5wjiat6WGt+zLrXL9B6LX0fQq1icPOrEzrsi4WVylCyD5wlF6Si/Us12T7Z/Oez+lr/pWG3YYjl8fD4LtPHR+qZpvb5sivdxzKmPFOMMYl1T4V3PyekX5x7jPi5cohMAGyAAAAAAAAByrrcpqMU5Sk0oxXOTb0SXrocTb+yXK1idv8HGS1jTJ3y/7S1jr+3uEtyKsZsZkUcv2aw+GWmtcF7yS+vY+NkvWTZA3bZtL8s2tlRB604Heqj3St/Oy+9KP7L7ywe0mZrCZDicS/zFVlmne4xei+/Qp5ZZKVjlJuUpNylJ85Sb1bfrqZeObdK4gA2QAAAAdANq7MdnvnDbLD1Na1VNXX68V7uDT3H5y3V6stYiN+xDZV4PZp4i2Ol+N3Z6P6UKUvycH4vVy/aXcSSefu7XQRZ2+7Oq/ZyOMhH8rg2t9pcZUzaTXpJxfh8RKZ0M+wMcRkmJpktY3VWQa/Wi0SXKKbgwuXHn1MnocgAKAAA2fs32l+bdrKbm9KZv3WI7vdya1l6PR+jLS5nga8TlttFi3q7oShNd6ktCmTXAtb2XZu8ZsLg7ZNucYe6sb5uVTcXJ+L3U/Ux8k/Vir+c5bPCZtfh7Pp0TnXJ8t7dfCS8GtH6nTJK7fcrVO2kborRYuqMpdznX8L/dVf8AxkamnN2AADpAAAAAAJZ9nXC720WMs0/q6YxT7t+zl+5+BExNHs2r8tmflhP44g47+LG39ueL932e3JPR3WU1+ac1Jr7osrQWC9om3TZHDR+1iY6+lVpX0nj+FAAaIAAAbp2VbH/Oe0cfeJ/JcNuzxD6T4/BR6tcfBPwNUy3AWYnMKqKY79t0lCuK6t9/curfTRlrtiNmK8s2fqw9ejkvius00d1r+lN+HJJdEkZ99ZFe/GOi0XLu7jINV7SdqY5ZsxZamvfT1rw0e+yS4S07ktW/LxMVbBgMwrvjN1TU1XOdU3H6tkHpOD8UzsWS0rbfJJtkL+znmMm8wok2+NVybercpb0Zt97e7DiSdtxmPybY/HXLnXTbu/rOLUfxaLZlwVHxFiliJyXKUpNeTk2jgbj2VbJfOe0sY2LXDYdKzE90lr8FP7TT9FI+faZsi8r2jdcdXh7tbMNJ/Z1+Ktvvi2l5OL6m/wDqbiNSAB0gAABPns6Yve2exdWuvurlJL7KnWv9YSIDJn9m638vmUOmmGl/mo47+LHd9o7Da5bgLdOMbLYa/rQT0/c/AgssH7RP/wCPw396h/kXlfCeP4UABogAAAAAEw+zhdpmWYQ+1Xh5f4ZWL+Yh4k32fsYobaWVv89RNLxlCUHp9299xx38VvHtD1a7GUS+xia/xrtRXotB2zYJ3dneL051e7t9ITi5fu7xV8njvooADRAAw+QE2+z7suty3MbFx1lThdeiX9bYvX4fSXeTWjx9j8qWD2XwmHX5qqtSaWms91OctPGTk/U9g83V2unC2xQrcpNRjFNyk+CilzbfcVY7TNr3mu0Tsi38mp1hhYvh8OvxWtd8ml6KK6El9vW2HusHHL6ZaWXx3sS19Wnju1698mnqu5fpEDmnHP6lS37OUX8/419FTBffZw/gybc9yinG5VZhsRHfpt3VOOri3uyUlxXFcUvuIl9m/Dfkcxt6uVEE/JTbX7yJpOO/6V5OzuzuGy/Ae5wtarhq5S4tynL7UpPjJ+fkeB2t7OLH7G3KMdbsOndQ+usF8UF5x1X3G6mGk1x4nO+9FKE+Bk72fYJYfPcVQloqbrq4p8dIxm1Fa+SR0T0xyAAoE1+zdT/9lP8Au0f81kKFhfZ6wThshda/z982vKEYx/ipGfd9LHW9oy7TZzBw+1iHL/DVNfzEBk0e0fjF77L6eqV1kl3J7kY/zfcQuPH8KAA0QAAAAADY+znNPku3GBtf0fexrn4Rt+Bv03k/Q1ww/wDj7iX3FXNzbARxOWXUT4wuhOuXlKLT/iU3xWGlViZ1TWk6pShNd0otqS+9MtrsNnyzDZXDYlfSnBK1L6tkeFi/xJ/gQh267OfJtqViYL8ljU5NpcI3RSU16rdfj8Rj47lwqNQAboHKn+uh+tH+KOJhrgQXXT4HWzPHQw+XXXWPSumE7Jv9GMW3+CPK2DzhY3ZHB3ppylVBWadLIrdsXh8SZq/bzmjo2GdcddcXbXVquGkVrOXo1DT1PPnvHSv2fZtPG51fibPp3zc2vsrlGHkoqK9DoAHocpi9nbOYQx2MwkmlK5QtpT+s4JqyK73o4PTwfcToUuwuJnViYWVycLK2pQnF6Si1yaZIeB7a80rojGUcNc0tPeWVzU5eL3JxX4GfXFt2KseCHOzntYxOP2rrw2KhTGF0Zqt0xnFqyK3knvTlqmlL8CTNq86jgNnsRiZ6fkYScU/rTfCEPWTijOyy4qrG2lys2xzCa5SxOIa/8kv9jxjMpNybk25Ntyb4tt82/UweifHIACjDfAtv2f5P8i2OwdDWko1xlav7SfxWfvSZXjsq2c+cNsaYyWtNGl170+Hdg1uwfnLd4d2vcWczfMIYXK7r7HpXTCU5PwitdPMx8l/FiuXbhmnv9v7YL6OFhXSvPTen+M9P2TQTsZljZYjMbr5/TvsnZPwc5Ntfidc05mQAAdIAAAAAAAAlLsH2qWGzqeCtlpVi2nS3yjelpp+1FJecY95Mu2+zUMz2dtw09FJ/FTY1r7q2Ou5P+Kfg2VJjJqSabTTTTT0aa5NPoyzvZXtvHNMl3bGli8OlG+P/AFF9W9LufXufoY985dixWnMMFZh8dZTdFwtqk4WQfSSf4rx66o65Yztc7PPnDCfKsLFLGVLjFaL5TBfUf6a6P07tK6zg42OMk4yi2pRktJRafGLT5PwNOetHEAHSJS7DdslhMzeCvlpTipJ0yb4V3cFu+CktF5pd5sXtHp/NeAf1fe26+e4tP9SCyQpbWfOuxfzfi5f0zDuNmBxE3wxDimvcTl0scHJKT4SemvHnnecuqj0GZJqTTTTXBp8Gn1TRg0QAMwg5TSinKUmlGKWrk3ySS5vUDfuw/KpX7e1WLXcwkLLZvpq4uMI/fJ/cz0+3HbNYvMo4GiWtGFlrdKL4WXrVbviorX1b7jy//kUco2ZswOEknj8Txx+Lg+GH4NLC1zXOUU3rJcIuUtHry0BLgcSbdVkAHaBmEHKaUU5Sk0oxS1cm+SS6s4vkTr2N9nLqccfjYaW8HhaJrjUv+tJPlPuXTnzfDnrrIrb+yzY9ZXs6lNL5VfpPEyXR6fDVr3RTfq5PqaT7QG1S91Xl1UuLcbcXp0iuNVT838X7Me8kXbzayrKshlfLSVkvhw9PJ22acF+qubfT1RVXMMbZiMdZdbJzttlKdkn1k3x8l4dDPibdo64ANkAAAAAAAAAAAPQyDOrsDmteIw89yyt+cZxf0q5LrFr/AH5pHnggthsNtnh81ytTqe7dBL3+Hb+OqX80NeUl/HVEZe0JkVFV+GxdekL8RKULor86ox1VuneuCb66ruIjwONtoxUbabJ1WR+jZXJxkvVdPA++b5xiMXiVZibp3TS0UrHruruS5I4nGXVdEAGiAAAzOblLWTbb5tvVv1ZgAAc6bZQs3otxktdJLg1qtHo+nBs4AAAAAAAkfsLyLD4vamyd+k3hYRsqplxU5uWnvGuqjw4d7T6E7bVbS4fLcqlfiZ6RWqhWuNl0+lcI9X+C5vRFS8uzC3DYuNtFkqrY67tkHpJa815eBzzTNb8ViveYm2d1mmilZJyaXcuiXgjO8bVehtjtTfmmcO+96JfDTSnrCmH2V3vvl19EjwwDtAAFAAAAAAAAAAAAAAAAAAAAAAAAAAAAAAAAAAAAAAAAAAAAAAAAAAAAAAAAAAAAAAAAAAAAAAAAAAAAAAAAAAAAAAAAAAAAAAAAAAAAAAAAAAAAAAAAAAAAAAAAAAAAAAAAAAAAAAAAAAAAAAAAAAAAAAAAAAAAAAAAAAAAAB//2Q==','English','5h : 52min','data:image/jpeg;base64,/9j/4AAQSkZJRgABAQAAAQABAAD/2wCEAAoGBxEUERYTFBMUFBYWGRsdGhoZGiAcGRkaIB8YHRkaHiAbICsiHSAoIRocI0EkKC0wMTExGiI3PDcvOyswMTABCwsLDw4PHRERHDApHyg5MDAwMjM5MDA5MDIwMDAwMDAwMDAwMDAwMDAwMDAwMDAwMDAwMDAwMDAwMDAwMDIwMP/AABEIAKgBLAMBIgACEQEDEQH/xAAcAAEAAgMBAQEAAAAAAAAAAAAABgcDBAUCCAH/xABKEAACAQMCAwUEBQYMBQQDAAABAgMABBESIQUGMQcTQVFhInGBkRQyQlKhCBVicoKxIzM0NTZzdIOisrPDQ5LBwtEXdeHwFiQm/8QAGAEBAQEBAQAAAAAAAAAAAAAAAAECAwT/xAAmEQEBAAICAgEEAQUAAAAAAAAAAQIREiExQQMEIjJRExRhgZGh/9oADAMBAAIRAxEAPwCqaUrf4Jwh7l2RWVSq6vazg7gY26da9OWUxm6km7qNCuk/L9x3aSCMusgBGncjPTUPD39KmnKvJ7PCYJIUlbUWJG4UYAB1HGnp6VPOF8nrpGos4AwAnsxjyGthlh6qpryZfU5W6xjrMJJ91VBfcmTKUEZDhsBidtB8T6r+Ne+J8myB4xCdSsMMW+yw6sfQ+Q91XxByzEv/AA4R71aQ/NmH7qzHgERH1IT/AHY/6EVmZ/N13D7HzfxfgEsUwiRWl1AFSF6+DdOmD+BFaF3avE5jcaWXGR1xkA+Hvr6MvuU4yNkK/pRkn5o3h+q2fSoJzFyREJe9lUyBsAOrEIceBAwQ3ofL0rc+oyx/Kdf2OGOXiqppWe+gKSONDKNTYyCNsnHX0rBXrl325FKUoFKUoFKVIOQuU34hc93q0QxgPM/3F8hnbU2CBnpgnwxS3Qj9KkvP3GLOaVIbKCOKCAFVcLh5ScZdj1I22zucknrio1SBSpNyjyTNf29zLEf4SAx6EOMS5Dl0z4MAFI8N8HGciNOpBIIIIJBBGCCNiCD0IpsflKA+4+/offVjcb4JacT4eb+wiWGeAAXFugwCANyoHjgEgj6wBB9oYqW6Fc0pSqFKUoFKUoFKUoFKUoFKUoFKUoFKUoAbBG2fTz9KtrlblSAylol7tdI1tljhSRgAEnLE7AVC+z+b+FdNGQRnXp+qR4E+GR4elXnynYhIkz90O3qz50/8qj/FmvF8+Vzz4+p/11x1jjtvcN4SiIF0BVG4Trv5uftN+A8Oma/Lq9k1MEKDDqgBB1EsFIbr9XJxjHQE52xX4eNFgTDE8ijPtkhI9up1NuR6gGufPeSN3UrPFGsjaFaNNbDIY7vJjA2PRazcpJqJJbe2Z0kkOplfQ4lUqfsb6R1YKNi2++y7da9cO4nHEvds6yPnOmIFzk7sMIMDBz5VyXZXY69cmJCv8ISwKq8QLYyEGVkzjT4daz2l/KkYWMYPsk4XILaAAmBsgZ0cZ8MetYmfbVx6dn85Ttulq+n9N1Rj7l3/ABxWG4WKeItghXOiRSMMrZ0gkeDocb+XntWpw3imh3EkrSEj6qnvGDBpBsqZwCug+H763LWFxHIzrpaaTIXxUHQi5x44XUf/AIrcvJnWlP8AP9pOIjEiFtMh1464XPQdTuAdvKq9qzu0e+lAmkh6GRtTDqEJIyPw38M1WNdfpfxs9bPl8lKUr1OZSlKBVkXrfQeWokTaXiL5cjr3ZBOPdoCL+2arc1Yfahk8L4KR9X6OB+13cP8A4NZy8wV5SlWH2Jcprc3LXUozFbEaQejyndc+iDDe8r5GrbqbFndl3LhsuHxxuMSyHvJPR2xhf2VCr7waqnty4SkHE+8QAC4jEjAffBKsfjgH3k1PO0nnNoru0sYG/hGnhaYg/VTvE0x7eLdSPujHRq3ecezxeIXTTTS4Rbfu4lXOVk1M3eN5gZHs+PpiuON1d0fPdSnsq441rxOE5/g52EUg8CHICH4PpOfLPnUZuYGjd43GHRmVh5MpIYfMGvVkxEsZHUSJj36hiu1m4O12h8FFpxK4gUYTVrjHgEcBgB6DJX9muBU+7esfnQf2ePPv1S1AaY3cClKVQpSlApSlApSlApSlApSlApSlBLuROKsSbcrkAFlYDp5hvPr1q7OHky2pRDhpIAFP6QUow+Bx86+dOD8altixjVDqxnUCcgZ2BBGOtXFytx3u1UPkI2HDDcxsQMnHipGxH/WvB804Z7viu2P3Ya9xMLbjFsIgjssZChWjbZhtgrp6ke7rWhbs7xhBA7gSM67aE0sWJQmQKTs5GynauxbcQjYBzpI8HX2l+Y3X3Nj41muAsiYVhkEFWUg6WHQ7fu8RkeNNb9s716cBbNiQuYk+yFQGVsBVBBZyEHs43I8Kd1ExCgPM5zp71vZJ0M5GhcLkNgEEfa610G4YoVDJIqMoUk7Y1jXuNe32z1HgPKswMK5dV1+0XLdFDFdJbU2FGR1x5nas8V5M3CmTugVVUAyDgBQCOuwJH4muNzNxoInsn2mBEY8d9jIfIYyF88k7+GpxfmeNRpTS5HQLtEvqehkPyX5VV/N3Msc0LslwWlLKcglWO4zjptjwHgKbuX24/wC/0sx191aPO/E50l7kPpjZAcADfOoMCTv4fjUUr3NO77u7PjpqYnHzrxXt+PCYYzFzzy5XZSlK6MlKUoFWRJH9O5ZQp7UvDnOoePdjOT7hG4b+7NVvUj7Pubm4fc6yNcEgCTJ11Jvhh+kuSfUEjxyJlP0I5Vz9h3GYYuF3RbANu7yyDxKd2GDf4GH7NQDtF4JZwSxzWU0csFwGdEVsmPBGVI6hd9s7jBB6VxuCcYlt3dk3WSNo5EP1ZI3BDIcdOux8D8jLOUH6OOTG9F6/ty98spB6FlYOF9BsF9ABV8cp9ptlfS9zGssbiNpG7wKEULp1DUGP3s5xjAPSvnet2y4o8UUqR+y066Hfx7vILRr5BiBqPiFA6ZzMsJR65kvVmu7iVPqyzSOv6rMSp+WDXR7OeCtdcSgiAyquJJPIRxkMc+86V/aFcBRkgee2+w+fhVj3t/Bwaya2t5Umv7gDvpUOVhTH1VI8d9h1ySx6KKt8agjnafxcXPE55FOURhGh8CIxpJHoW1H41GqAUrUmgpSlApSlApSlApSlApSlApSlApSlArp8L4xIs8TySSMiHpkkBcEbL06GuZSs5YzKapLZ4WPy5zh3k7JEZITpyDqwWx1BA+B39a7Vnz000rRCSOZkGSWRCD4HBx7WNvnVPA//AH37H8Nq9QTMjBkYqwzgg4IyCD+BrzX6Wd8bY6/y/uLti5guSpdBoQHT3iRKELZIID6cEggg4OxBrSeS+mkZZbe8IU+y7xuUbz07bfLepB2QgfmKHKhgO+OCMg4llI/dUITt0vdibW3+b/8Amsf0+7Zu0/l14iLcQ5ivIpJY5UZNerSkqFHRTkKRkA7euajoq/OWeaLDjkT208CrIq5MbHVt01xuACCMjpgjIqoefOV34feNASWQjXG56tGSQM/pAgg+7PjXp+OY49Sac8srfLg0rNZWcszaIYpJW+7GjO3yUE1k4hwq4gx30E0OeneI6Z92sDNddo1aVmsbN5pUiQEtIwUYGcZIGdvLNWh22csRRJaC0tFX+MD9zFuQBHp1lFyfHr61Llq6FU0r9ljZSVZSrDqGBBHvB3FbllwO7mXXDbXEq/ejid1+aqRV2NKlep4XRijqyOvVWBVh7wdxXmg9RRFmCqpZmOAFGWY+AAG5Ndv/APBeK6Nf0G404z9T2sfq/Wz6YzVm9iPBIIbB79lDSOZMNjLJGhIKr5ElSTjrt5Vw/wD10uu81C1h7rOyam14/X6Z/ZrHK26kFZzRMjFHVkZThlYFWU+RB3FeamHafzpDxKSFooDEI0OpnC94zHHs5UnKLjb1Y7ColbW7yMEjR5HPRUUsx+CgmtS9djxW/wAC4Dc3UhitomlcDJC4AUeZLEKPid68X3BrqFdU1tcQr96SJ0HpuygVJeyzmuWxnm0W0lykqLrWMEyLpLaWGAdvbIIOOo323W9dCK8RsJYJWhmjaORDhlbqD1HvBBByNjmsFd3n3jsl5fSTSwmBsKojYEMigezqyAdRznp4iuTZWM0zFYYpZmHURozke8KDik8djBSti+4fPCQs0MsJPQSIyE+eAwGax2trJI2mON5GxnSilmx4nCgnFUY6Vnh4fM0hiWGVpR1jVGLjHXKgah8q/b7h88LBZoZYWPQSoyE+eAwGabGvSlb1rwK8kTXHa3EiEZDJFIykeYKrimxo0r9kQqxVgVYHBBGCD5EHcVktLSWVtEUckrfdjUu2PPCgmgxUrav+GTwY7+CaHPTvY2TPu1gZrVoFKUoFKUoFKUoFKUoPoLsi/mGL3T/6ktfPcfQe4V9CdkX8wxe6f/Ulr5/it5MAd252HRT/AOK54flRIuzC4aPi1oV6mTSfVWVlb8Dn4VPPyjLddFpJ0YNIvvBCH8Co+daXYzyJcC5W+uI2iSIN3auCrs5BXVpO4UAnr1JGOlaXbPxoXnEIbSEhhCe71Z2MsjIGHuXSo9+oeFN7zGXh3a5Fa2UUNrYpHIqgOWOI9Xiw0nW5PX2iD6mpjyBzQvGrW4huoI8ppV1XJQq4bSwzkqwKt4+AIrl8Z4ZwvgVrE7WgvJ5CVDSAHLAZY5YERr5BQTv47mu32W84PxBZ2+ipbpGUClMkMTrLDOkAlQF2H3qxlrW5BW3Z7zBNw7iL2caxyLNcpC7NnUAkjR6lweuGJ39KsntU53n4aLcwxxSd8XB16ttOjGNJH3jVRwH/APoB/wC4/wC/U5/KMU6LM421Sj4kR4H4H5VrKTlBAIeZ0k4p9PurdJVZw0kQ3XZQoKhjgkYBw2x/dMeJducokxBaxJEOglY62H7BCp7vaqM9l/KScQvDHKxWKJNcgXZm3ACA+GTnJ64G25yJfzFzrw/hdw9pa8NiLRYDu+F9ogHY6WZtiNyR8etXLW9aHS7V7KG94PHxFU0yKkUin7WiTSGjYjqBrz719apKr/5/u3l5ckldO7aSGFmTBGgs8RK4O4xnFUBT4/BVo9kHaFBbQmzum7tNRaOXBKjUcsj4+rvkhum5zjG8p4t2X8JvVM1swiL7h4GVoiT46d1x+riqjteR+ISWgvI4GkhJONO8hUbFwnUrkEZG+2cY3rxyUb1b6IWneLKZFBCggacjV3g6acZzq9aXH3KM3OvJVzw+dYnxIsn8XIowJDsNOD9Vtxtv12Jq2pVtuX+Fh1jWSZtKk9DLMwJOW6hQAxx5L5mtXt4vkjgsycFlulkA8SiK2v4ZZfmKyduNm0/DI5ovbSKRZG07/wAGyOuvbwGpT7snwrO9ybEYs+26Y61ubSCVGBAVCV+DB9QYfKvzsBk1cRuW0quqEnSowq5kU6QPADoPSq4sLOWd9EMbzPgnTGpZsDqcL4VYn5PP8uuP6gf6i1vLGTG6HO524S11zHLbKcGWWJSfur3UZdvgoJ+FWFzfxV+E20Nrw2zLswJyI3dVAwNT6N2dj4k+B9Kh9/epDzb3jnC98iknw1wKg/FhUt7XOaOJWBhlt9HcOCrlk1aZAfZycjAYH/Caxl6gcn8Xl4tBPa8SsymACG7t0VgcjK68lXU4OQfHwxUQ7HrE2/HZ4GOTDHOhPnpkjGfjjPxrXsO1PjkzFYVSUgZIjgLkAeJ0k4FZexe+efjcs8hBeWKV2IGAWLxk4HgKurJRJe0PtB/Nt28NtbRGWQJJLI+faONKjC4Jwqjcn4eNda2uY+NcEZ5Y1R2WQYG4jlTVpdSdx0B9xI3qt+3T+d2/qov+6rA7Fv5kP6837zUskxlEL7D+U4rqaS5nQPHBpCKwyrSEZyR0OkY282HlXX5t7Y5obqSG1hhMcLlC0molypw2ApGkZBA65xmtn8nO8Q21xDn21lV8fosiqD80PzqrucuHvb31xFICpEshGftIzMUceYIINXW8ux3+cOavzxNaxR2yQyFlQvnUzM5CgagAe7Gc4P4Y3snj8/5lsYoOH2rTSOcahGz7gDVJLoGWJJGBkddthiqd5c12t7ZzzRvFH3sbhnUqGj1AO66huADnI9KujtZ5gv7KGKe00FNRWUsmrTnGhuuw2YZ9RTKdyQaXI3M9zxEy2fEbHCshYMYnSNgCAUIkz7W+QQfA9MVT3NvB/ol7PbAkiJ8KT1KEBkz66WFSzh/atxuZu7hWOVz9lISze/CmoZx3ik9zcSTz471yNeF04KgJjHhgKB8KuONlGlSlK6BSlKBSlKBSlKCyOR+1eOxso7VrWSQxlzqDqAdTu/Qjw1Y+Fdpu3eLwsZM+sij/ALap2lZuGNE/5m7Yb64QxwotqjDBKMXlI8QHIGn3hc+tQGNypDKSGBBB8QQcg+/O9flfqgkgAEk7ADck+AFWSTwLUj7YbaaAR39gJmGM40PGzD7WmT6h67b++tfh3bQ8c38jjS2CaUhjYKVbIOrVpwfEYAA3+decT4TcQFRNDLEXGVEiFdQ8xnr1HuzWrWeGI3b/AIkz3clzHmNmmaZPEoS5dfQkHHyq0rbtvhaJe+smaVd/ZZTGWH2gW9pfkceZqoKVbjL5Eq4Xz7LBxOXiEUMaCYnvIQx0FTpJ9rGzFhq1Y6k7YOKlXEu1qwdu+ThavcgDDyiP2T4HUAWOPh7xVV0pcIJ9xjtUkuuGy2c8OZpP+IpATHeBwNGMjAGnqegOagNZbe1kkz3cckmOuhS2PfpBxWOWNlYqysrDqGBBHvB3FWSTwJ3yZ2sXVnEsMka3EKABAW0SIo6KGwQwHkRn1qUXXbnAFJjspS5++yqvxK6ifl8qps10r3lq9ii76W2mSH2TrZcLhsad/XI+dZuGOx75p5kuL6czTsCcYVV2WNfuqP8AqdzUo5F7VZrKIW80f0iFdk9rTJGv3RkEOvkDjHnjAqBUrVxlmhat92zQxowsrBYnbq76VAPgSsY9v4sKi3IfO/0G7nuZYmnaZSG0lU9ouHLdMdfAVE6VJhNaHV5x40Ly9muQhjEpUhSclcIi9R+rn41NeWe2OSOIQ3kP0lQMd4CA5XwDqw0ufXI+J3qtaVbjLNC1b/tpRIyllYrET9pyoVT56Ix7XxYfGodyNzf9Cvnu5I2mLpIGCkKSzsrFumBuDsB41G6VJhJNDvc/cyrf3huVjaIFEXSxDH2c75HvqRckdpsdjYm1a3eQ6nOsOAPa9CPCq/pVuMs0Ojyzx6exmWeBgGAwQRlXXbKsPEHHvGKsz/1otJFVp+HlpF6bo6g+jOAR8vnVRUqXGUSnn7n2fiRRXjSGKMkpGp1HJGCWcgE7bYAA99drk/tentolguIvpMajSrasOq9ApyCHA6b4OPE1XlKcZrQti67aYY0ItLARs3i5VVB8CVjGW92R76q/id/JPNJPKQZJWLMQAASfIDYVr0qzGTwFKUqhSlKBSlKBSlKBSlKBW/y5xQW13BcFA4ikDlT4gdceR8R6gVoV0uUv5faf2iH/AFEpRLu1TtEtuIwwwwRuAj94zyABgdLLoABO3tEk/ojrVfah0yKuH8owexZ/rS/ujrs8kW9s/LcX0lNcKxyu4xklUlkY4xvn2fCucy1jKKGAJBIBIHUjoPf5Uq5+WO1u3e5htEshBBIwjjKsPZLbJmNV0gEkDYnGfGo926ctQ29xFPCgjFwH1qowveLp9oDwLBt8eK56k5sy71YK5re5f4NNd3EdvCuXkPXwVftO3koG/wCHUitGr77IeV47Kx+lS6VlnQO7McCOL6yLk/VGMMfU/oirnlqDxzFxa24Dw5Le3Aadwe7B6sx+vNJ6A+HuUbDairm4eR2kkZndyWZmOSzHckmrruuWeCcUuHb6e89w+fqTLkKOiomnGhR5A+ZJJJqs+feTZeGziNm7yKQExyYxqA6qR4MMj03B9BnCz/IjcnQ+6r57TP6OL+pa/wCaKqGk6H3V9H8bvLSHg8ct3H30KRQEx4zrb2NAIOxGrHXbzp8noj5yxtq30+fhnyz0pV6cjdp0XELj6HJarEHRtA1B1YKMlGXQAPZBPiNjVfdo3KSw8XW1tlCrc92Y1+yhkYoVHkoYE+gPpVmXeqIZn8aOCDggg+RGD8jV8cTmsOXrSPu4RLNIdIOwklIGXd3IJVBkbDONQAG5NYeU+d7TjLPZ3VoitpLKrHvFYDGrSSoKOM529+dqnP3roUYTQMD0Oanqct/QOYreAEtH30bxk9TG2rAPqCGXPjpz413PyjR/CWX6s374a1y7kFTFgOpApqHWrd/JxH8u/uP9+uBwT+lR/ts/+7U5d2CA6h1yK9OhU4YFT5EEH5GvoPnW+4bw+5XiNyhknZFjiRVUsApYs65IAOHALE7AADqcwfiPGrfjvFrKHu5EhVX1hyAzYBkZRoJ2IRRnOdz0pM9+hWiKTnAJx1wM49+OleQavjnvno8IeG3hsVMRQEN/Fx9SNC6VI1ALk+8bVWnaJzba35ikhtBBKAe9fbLnbC5X6wHXUwz4bb5Y5W+hE6UpWwpSlApSlApSlApSlApSlApSlArpcpfy+0/tEP8AqJXNrc4HeLDcwTMCViljdgvUhXViBkgZwKC1PyjPqWf60v7o66vK39FD/Zrn/NNUF7VuerbiS24hjnTuWkLd4qjOoKBjS7fdNb3B+0a0i4KeHtHOZjFLHqCp3epzIVOS+ce0PCuXG8ZBCeUP5fZ/2mD/AFUq0PyjP4qz/rJf8q1VHAbxYbm3mYErFLG7BepVHViBkgZwKmHatz3bcSSBYI50MTOW7xVGQwUDGl28q1ZeUogMnQ+6r47YZGk4GrwbxMYWbTuDERlTt9nUUNUTVhcgdqRtIBa3MbTwAEIVwXVT1QhiA677bjHTcdGcvVgh3KyTNe24hyZe+j0aeuQwJO3gBkk+QOatf8oiVPotshxrMzEeekIwb4ZZPwrFF2ocDtwz2tiyyMN9EMcWfRmByB7garTm/mee/uDNKQNtKIv1Y066RnqfEnxPlsBNW5bHFk6H3VfPaZ/Rxf1LX/NFVDsNjVlc39o9pc8JFlHHOJQsI1OqBPYKFtw5P2TjarnLbBxOxr+ebb++/wBGWppz/crHzLw92+qFjB9NTyqD82FV1yDxyKz4hDcyq7JH3mQgBY6o3QYDEDqw8a3e0/mqHiF2k8KyoqxKmJAFbUGdsjSzbe0PGpZvITH8ou2f/wDTlwdA71CfAM3dso+IVv8AlNRnsStXfi8TKDiJJWc+SlCgz+04ru8A7XIXtxb8TtzOMAF1VXDgdC6OQNXTcZyd8Ctp+1bhdrEy8OsSrt5osSZ8C2klmx5Y+IqfdJx0PfPtyh5n4eoIzGIg3oWeQgH4EH9qsP5RqnXZHG2Jhn1zDtVZXvF55bk3TyEzGQSa/JwQVIHgBgADyAq1Y+1rhtzbrHxC0ZnGCV7tZYyw21JqIKnr1G2cZNLjZqjH+TkpxenBxmAZ8MjvsjPmMj5io/wX+lR/ts/+7Ug4R2yWcMhjWyaG1VfYWJU7zXncsupVAI8iTkeOdoRw/mSGPjR4gVkMP0iWTSAO80v3mBjVjPtDxpq22iWflFfyi1/q5P8AMlVrw3iEsEyTRPokjYMreR+PUHpjxBNSvtV5xt+IywvAkqCJXVu8CgkkqRjSzeVcHlHjK2l3HcNCs4jz7LHG5GNQO41DwyCP3jeM1iLL4J21W8qCK/t9IbZnQd5ER4lkb2gPQaq53bVyZaW0cd1bosOuTQ6LshyrMrKOi/VIwNt62ped+W5ZO/k4fJ32ckd0hy3mcPoY+rVFO0fn1+JSIoQxQxElEJyzMdi7Y2zjYAdMnc5rGMu+poRGlKV1ClKUClKUClKUClKUClKUClKUClKUClKUClKUGaxs5ZpFiijaSRs6UUZZsAk4HuBPwrpy8ncTVSzWVwqqCSTGcADck12+xW3LcVVwMmKKVx79IQf58fGtHi/L3GYItc/fqjMqbzhgzPsFIWQk591Z33oRmtqx4ZNMsrRRl1hQySEEDQg6sckZ+GTXd4jynGnGRw2OR2TvYkLnGvDKjSHYYyoZsfq10eG2q21lxvQSyo8dujHqw711JONt1wachELnhk0cMU7xlY5tXdsSMPpOGwM52O24rDbwPI4SNGd22VVBZifQDc1K+fvYtOFQ/ds+8I9ZWDf9tbFrcNw/g8U8HsXN+7jvRjXHBGcFUP2Sxwc+vmBhvoRvifLV9AneTWs0SbDU6EKCegJ6D41za6UPH77TJCtxM6zjQ6Fy+vJG2GzuemRvvUjXk6wS4jsJ7qcXkmlSY0VreKRwCsbktrc7gErge0OlN68iFUqQ3HK3dWNzPK7LLBdi3CDGhmG7nJGemSK923KyNbWEveP3l7ctHpwNKorhC42znJ8dqvKCN0qZcS5KtUuvoEd073TzhFUqO7SMk7uw+tJoAbSuPrY65rncX4TYhzBbPeNdLIseiWNFWQk6crpbVHvvhvAj1xOUEepU4teR7R5JrRbid7mBHaSVY1+hxugy0bMTr2xp1bb+HhUGU5Gasso/aUpVClKUClKUClKUClKUClKUClKUClKUClKUClKUClKUClKUEq5Bv4YYuIyPIiO1m8cYYgM7vnZR4nYdPMVHuDSxx3EEjj2EljZsDfSrqW/AGtalTQtSzk4dHx0301/bSLK7tEI2yI8xnDTMfZTAGkLuSzA7YqJtxWP8yToZE7+4vQ7Rg+3oCatRHXGvxqL0qTESftNvopbuMQyJJHDbQxKyEMvsqSQCPItW7wy5tb7hsVlNcR2txau7QvLkRSRucsrMPqkE/wCEdcnELpV49aEmk4fa2MkM30yK6mjmicx241xiNGDNqkbALHAAAHnnzHeuUsU4m/FXvoJYO875Io2JuWk2KRmMgaMN1JOMDwztXdKnETqO8hvuGyRyXVtazG/a5lEzEBldGGY8AlyNWNI+74bZ6H504d9J4LHFOggtu9Z3chdLE6tUn3Gdo9WD01Cq1pTgOyjfSeISyfSUtmeSSRJZGYKH1MyDWu6Z29roPkKmF1zTHE1ibueG9uYLnW8sOH0W+nToaRVAdtR14H3d9+tbUpcdif8AOE7y980vGoZbc6miihYs75JMaPGgVV6gFnJxioBSlWTQUpSqFKUoFKUoFKUoFKUoFKUoFKUoFKUoFKUoFKUoFKUoFKUoFKUoFKUoFKUoFKUoFKUoFKUoFKUoFKUoFKUoFKUoFKUoFKUoFKUoP//Z','https://www.youtube.com/embed/ua-CiDNNj30'),(11,3,'Photoshop for Beginners | FREE COURSE','Design','2022-06-13','Learn Adobe Photoshop with this amazing FREE course. Go from beginner to pro in 23 lessons exploring all the essential Photoshop tools and techniques.','EnvatoTuts','https://yt3.ggpht.com/ytc/AKedOLRIAiurLyKTSocqKXruHqnTxLiso4qIHxKchA9OKQ=s48-c-k-c0x00ffffff-no-rj','English','3h : 7min','https://encrypted-tbn0.gstatic.com/images?q=tbn:ANd9GcSIPmVNkl48MX__7WFkJrw-tAVEnzVHfqZhbQ&usqp=CAU','https://www.youtube.com/embed/IyR_uYsRdPs');
/*!40000 ALTER TABLE `course` ENABLE KEYS */;
UNLOCK TABLES;

--
-- Table structure for table `events`
--

DROP TABLE IF EXISTS `events`;
/*!40101 SET @saved_cs_client     = @@character_set_client */;
/*!40101 SET character_set_client = utf8 */;
CREATE TABLE `events` (
  `idevent` int(11) NOT NULL AUTO_INCREMENT,
  `title` varchar(400) NOT NULL,
  `date` date NOT NULL,
  `startingTime` text NOT NULL,
  `endingTime` text NOT NULL,
  `place` varchar(100) NOT NULL,
  `details` text NOT NULL,
  `still` int(11) NOT NULL,
  PRIMARY KEY (`idevent`)
) ENGINE=InnoDB AUTO_INCREMENT=4 DEFAULT CHARSET=utf8mb4;
/*!40101 SET character_set_client = @saved_cs_client */;

--
-- Dumping data for table `events`
--

LOCK TABLES `events` WRITE;
/*!40000 ALTER TABLE `events` DISABLE KEYS */;
INSERT INTO `events` VALUES (1,'launshing this website eventt!','2022-06-13','8:30','1:30','Ifrane MOROCCO','It will be the first launching of this website inshallah!',1),(2,'the second lunshing this website eventt!','2022-06-18','10:30','1:30','Azrou MOROCCO','it may be the final launching of this website',1);
/*!40000 ALTER TABLE `events` ENABLE KEYS */;
UNLOCK TABLES;

--
-- Table structure for table `images`
--

DROP TABLE IF EXISTS `images`;
/*!40101 SET @saved_cs_client     = @@character_set_client */;
/*!40101 SET character_set_client = utf8 */;
CREATE TABLE `images` (
  `idimage` int(11) NOT NULL AUTO_INCREMENT,
  `sex` varchar(30) NOT NULL,
  `path` text NOT NULL,
  PRIMARY KEY (`idimage`)
) ENGINE=InnoDB AUTO_INCREMENT=13 DEFAULT CHARSET=utf8mb4;
/*!40101 SET character_set_client = @saved_cs_client */;

--
-- Dumping data for table `images`
--

LOCK TABLES `images` WRITE;
/*!40000 ALTER TABLE `images` DISABLE KEYS */;
INSERT INTO `images` VALUES (1,'male','https://images.unsplash.com/photo-1567168539593-59673ababaae?ixlib=rb-1.2.1&ixid=MnwxMjA3fDB8MHxwaG90by1wYWdlfHx8fGVufDB8fHx8&auto=format&fit=crop&w=387&q=80'),(2,'male','https://images.unsplash.com/photo-1491841550275-ad7854e35ca6?ixlib=rb-1.2.1&ixid=MnwxMjA3fDB8MHxwaG90by1wYWdlfHx8fGVufDB8fHx8&auto=format&fit=crop&w=774&q=80'),(3,'male','https://images.unsplash.com/photo-1460794418188-1bb7dba2720d?ixlib=rb-1.2.1&ixid=MnwxMjA3fDB8MHxwaG90by1wYWdlfHx8fGVufDB8fHx8&auto=format&fit=crop&w=870&q=80'),(4,'male','https://images.unsplash.com/photo-1531053270060-6643c8e70e8f?ixlib=rb-1.2.1&ixid=MnwxMjA3fDB8MHxwaG90by1wYWdlfHx8fGVufDB8fHx8&auto=format&fit=crop&w=774&q=80'),(5,'male','https://images.unsplash.com/photo-1492551557933-34265f7af79e?ixlib=rb-1.2.1&ixid=MnwxMjA3fDB8MHxwaG90by1wYWdlfHx8fGVufDB8fHx8&auto=format&fit=crop&w=870&q=80'),(6,'male','https://images.unsplash.com/photo-1614273443109-745051d66069?ixlib=rb-1.2.1&ixid=MnwxMjA3fDB8MHxwaG90by1wYWdlfHx8fGVufDB8fHx8&auto=format&fit=crop&w=870&q=80'),(7,'female','https://images.unsplash.com/photo-1654553133237-8dd85d08fe3a?ixlib=rb-1.2.1&ixid=MnwxMjA3fDB8MHxwaG90by1wYWdlfHx8fGVufDB8fHx8&auto=format&fit=crop&w=386&q=80'),(8,'female','https://images.unsplash.com/photo-1654531802344-ba2b2ca67699?ixlib=rb-1.2.1&ixid=MnwxMjA3fDB8MHxwaG90by1wYWdlfHx8fGVufDB8fHx8&auto=format&fit=crop&w=870&q=80\r\n'),(9,'female','https://images.unsplash.com/photo-1654523500499-832f074b88a1?ixlib=rb-1.2.1&ixid=MnwxMjA3fDB8MHxwaG90by1wYWdlfHx8fGVufDB8fHx8&auto=format&fit=crop&w=388&q=80'),(10,'female','https://images.unsplash.com/photo-1558021211-6d1403321394?ixlib=rb-1.2.1&ixid=MnwxMjA3fDB8MHxwaG90by1wYWdlfHx8fGVufDB8fHx8&auto=format&fit=crop&w=426&q=80'),(11,'female','https://images.unsplash.com/photo-1616394098934-fb3bc0cd68be?ixlib=rb-1.2.1&ixid=MnwxMjA3fDB8MHxwaG90by1wYWdlfHx8fGVufDB8fHx8&auto=format&fit=crop&w=870&q=80'),(12,'female','https://images.unsplash.com/photo-1531053270060-6643c8e70e8f?ixlib=rb-1.2.1&ixid=MnwxMjA3fDB8MHxwaG90by1wYWdlfHx8fGVufDB8fHx8&auto=format&fit=crop&w=774&q=80');
/*!40000 ALTER TABLE `images` ENABLE KEYS */;
UNLOCK TABLES;

--
-- Table structure for table `later`
--

DROP TABLE IF EXISTS `later`;
/*!40101 SET @saved_cs_client     = @@character_set_client */;
/*!40101 SET character_set_client = utf8 */;
CREATE TABLE `later` (
  `idcourse` int(11) NOT NULL,
  `idcategory` int(11) NOT NULL,
  `email` varchar(150) NOT NULL,
  `already` int(11) NOT NULL AUTO_INCREMENT,
  UNIQUE KEY `already` (`already`)
) ENGINE=InnoDB AUTO_INCREMENT=6 DEFAULT CHARSET=utf8mb4;
/*!40101 SET character_set_client = @saved_cs_client */;

--
-- Dumping data for table `later`
--

LOCK TABLES `later` WRITE;
/*!40000 ALTER TABLE `later` DISABLE KEYS */;
INSERT INTO `later` VALUES (2,1,'aismaili691@gmail.com',1),(2,1,'sara@gmail.com',2),(1,1,'sara@gmail.com',3),(3,3,'sara@gmail.com',4),(11,3,'ali@gmail.com',5);
/*!40000 ALTER TABLE `later` ENABLE KEYS */;
UNLOCK TABLES;

--
-- Table structure for table `messages`
--

DROP TABLE IF EXISTS `messages`;
/*!40101 SET @saved_cs_client     = @@character_set_client */;
/*!40101 SET character_set_client = utf8 */;
CREATE TABLE `messages` (
  `idmessage` int(11) NOT NULL AUTO_INCREMENT,
  `email` varchar(150) NOT NULL,
  `name` varchar(150) NOT NULL,
  `content` text NOT NULL,
  `trueEmail` varchar(150) NOT NULL,
  `image` int(11) NOT NULL,
  `readit` int(11) NOT NULL,
  `mainit` int(11) NOT NULL,
  `date` date NOT NULL,
  PRIMARY KEY (`idmessage`)
) ENGINE=InnoDB AUTO_INCREMENT=6 DEFAULT CHARSET=utf8mb4;
/*!40101 SET character_set_client = @saved_cs_client */;

--
-- Dumping data for table `messages`
--

LOCK TABLES `messages` WRITE;
/*!40000 ALTER TABLE `messages` DISABLE KEYS */;
INSERT INTO `messages` VALUES (1,'aismaili600@gmail.com','abdallah','Here is the first message inshaallah!','aismaili691@gmail.com',3,1,0,'2022-06-12'),(2,'Medismaili95@gmail.com','abdallah','test 1','aismaili691@gmail.com',3,0,0,'2022-06-12'),(4,'aismaili600@gmail.com','abdallah','This website is a realy good website i love that content and my my lord will enhnce it more','aismaili691@gmail.com',3,1,1,'2022-06-13'),(5,'ali727237@gmail.com','ali','hi there make me an admin','ali@gmail.com',1,0,0,'2022-06-14');
/*!40000 ALTER TABLE `messages` ENABLE KEYS */;
UNLOCK TABLES;

--
-- Table structure for table `posts`
--

DROP TABLE IF EXISTS `posts`;
/*!40101 SET @saved_cs_client     = @@character_set_client */;
/*!40101 SET character_set_client = utf8 */;
CREATE TABLE `posts` (
  `idpost` int(11) NOT NULL AUTO_INCREMENT,
  `title` varchar(60) NOT NULL,
  `content` text NOT NULL,
  `date` date NOT NULL,
  `imagepath` text NOT NULL,
  PRIMARY KEY (`idpost`)
) ENGINE=InnoDB DEFAULT CHARSET=utf8mb4;
/*!40101 SET character_set_client = @saved_cs_client */;

--
-- Dumping data for table `posts`
--

LOCK TABLES `posts` WRITE;
/*!40000 ALTER TABLE `posts` DISABLE KEYS */;
/*!40000 ALTER TABLE `posts` ENABLE KEYS */;
UNLOCK TABLES;

--
-- Table structure for table `users`
--

DROP TABLE IF EXISTS `users`;
/*!40101 SET @saved_cs_client     = @@character_set_client */;
/*!40101 SET character_set_client = utf8 */;
CREATE TABLE `users` (
  `email` varchar(100) NOT NULL,
  `password` varchar(60) NOT NULL,
  `name` varchar(60) NOT NULL,
  `sex` varchar(30) NOT NULL,
  `type` varchar(10) NOT NULL,
  `idimage` int(11) NOT NULL,
  PRIMARY KEY (`email`)
) ENGINE=InnoDB DEFAULT CHARSET=utf8mb4;
/*!40101 SET character_set_client = @saved_cs_client */;

--
-- Dumping data for table `users`
--

LOCK TABLES `users` WRITE;
/*!40000 ALTER TABLE `users` DISABLE KEYS */;
INSERT INTO `users` VALUES ('aismaili691@gmail.com','Aismaili69lyna','Abdallah Ismaili','male','admin',3),('ali@gmail.com','ali','ali','male','user',1),('hafsa@gmail.com','qq','Hafsa1111','female','user',7),('sara@gmail.com','sarasara','sara sara','female','admin',8),('yassine@gmail.com','yassine','Yassine','male','user',3);
/*!40000 ALTER TABLE `users` ENABLE KEYS */;
UNLOCK TABLES;
/*!40103 SET TIME_ZONE=@OLD_TIME_ZONE */;

/*!40101 SET SQL_MODE=@OLD_SQL_MODE */;
/*!40014 SET FOREIGN_KEY_CHECKS=@OLD_FOREIGN_KEY_CHECKS */;
/*!40014 SET UNIQUE_CHECKS=@OLD_UNIQUE_CHECKS */;
/*!40101 SET CHARACTER_SET_CLIENT=@OLD_CHARACTER_SET_CLIENT */;
/*!40101 SET CHARACTER_SET_RESULTS=@OLD_CHARACTER_SET_RESULTS */;
/*!40101 SET COLLATION_CONNECTION=@OLD_COLLATION_CONNECTION */;
/*!40111 SET SQL_NOTES=@OLD_SQL_NOTES */;

-- Dump completed on 2022-06-14 15:56:03
